order_id,customer_id,order_date,product_type,quantity,unit_price,order_value,currency,country
ORD_000001,CUST_0103,2025-01-31,Typography print,3,29.99,89.97,USD,US
ORD_000002,CUST_0271,2025-06-10,Cityscape print,5,9.99,49.95,USD,DE
ORD_000003,CUST_0107,2025-07-19,Cityscape print,4,29.99,119.96,USD,US
ORD_000004,CUST_0072,2025-12-18,Minimalist poster,1,9.99,9.99,USD,AU
ORD_000005,CUST_0189,2025-12-05,Typography print,5,19.99,99.94999999999999,USD,US
ORD_000006,CUST_0021,2025-08-27,Minimalist poster,2,29.99,59.98,USD,US
ORD_000007,CUST_0103,2025-04-16,Vintage poster,2,14.99,29.98,USD,CA
ORD_000008,CUST_0122,2025-09-04,Typography print,1,14.99,14.99,USD,US
ORD_000009,CUST_0215,2025-05-07,Abstract canvas,4,19.99,79.96,USD,US
ORD_000010,CUST_0088,2025-10-24,Abstract canvas,5,39.99,199.95000000000002,USD,US
ORD_000011,CUST_0100,2025-02-07,Line art print,3,9.99,29.97,USD,US
ORD_000012,CUST_0152,2025-07-02,Typography print,1,39.99,39.99,USD,US
ORD_000013,CUST_0131,2025-06-25,Cityscape print,4,9.99,39.96,USD,US
ORD_000014,CUST_0150,2025-05-12,Nature landscape,3,49.99,149.97,USD,US
ORD_000015,CUST_0258,2025-07-31,Photo collage,2,49.99,99.98,USD,US
ORD_000016,CUST_0294,2025-11-21,Line art print,2,19.99,39.98,USD,CA
ORD_000017,CUST_0192,2025-05-02,Nature landscape,3,19.99,59.97,USD,US
ORD_000018,CUST_0277,2025-06-04,Abstract canvas,1,19.99,19.99,USD,DE
ORD_000019,CUST_0161,2025-11-13,Typography print,2,24.99,49.98,USD,AU
ORD_000020,CUST_0022,2025-07-14,Line art print,5,9.99,49.95,USD,US
ORD_000021,CUST_0253,2025-07-26,Typography print,3,9.99,29.97,USD,UK
ORD_000022,CUST_0236,2026-01-23,Abstract canvas,3,9.99,29.97,USD,AU
ORD_000023,CUST_0049,2025-03-04,Line art print,2,19.99,39.98,USD,DE
ORD_000024,CUST_0059,2025-02-08,Abstract canvas,1,14.99,14.99,USD,US
ORD_000025,CUST_0170,2025-01-28,Minimalist poster,5,24.99,124.94999999999999,USD,US
ORD_000026,CUST_0188,2026-01-08,Abstract canvas,1,49.99,49.99,USD,CA
ORD_000027,CUST_0271,2025-08-22,Cityscape print,4,14.99,59.96,USD,CA
ORD_000028,CUST_0190,2025-07-04,Cityscape print,4,19.99,79.96,USD,CA
ORD_000029,CUST_0175,2025-02-09,Typography print,2,19.99,39.98,USD,US
ORD_000030,CUST_0051,2025-05-12,Photo collage,2,29.99,59.98,USD,AU
ORD_000031,CUST_0055,2025-12-01,Abstract canvas,2,39.99,79.98,USD,DE
ORD_000032,CUST_0244,2025-09-08,Nature landscape,4,39.99,159.96,USD,US
ORD_000033,CUST_0131,2025-07-13,Cityscape print,1,49.99,49.99,USD,US
ORD_000034,CUST_0135,2025-02-27,Vintage poster,1,9.99,9.99,USD,US
ORD_000035,CUST_0021,2025-10-02,Photo collage,2,29.99,59.98,USD,AU
ORD_000036,CUST_0167,2025-09-28,Minimalist poster,5,29.99,149.95,USD,CA
ORD_000037,CUST_0274,2025-10-20,Line art print,1,14.99,14.99,USD,CA
ORD_000038,CUST_0089,2025-06-14,Line art print,4,49.99,199.96,USD,US
ORD_000039,CUST_0014,2025-10-25,Cityscape print,3,9.99,29.97,USD,US
ORD_000040,CUST_0242,2025-04-30,Photo collage,3,24.99,74.97,USD,US
ORD_000041,CUST_0265,2025-09-08,Cityscape print,3,14.99,44.97,USD,US
ORD_000042,CUST_0053,2025-03-04,Line art print,5,19.99,99.94999999999999,USD,UK
ORD_000043,CUST_0092,2025-11-22,Vintage poster,2,24.99,49.98,USD,DE
ORD_000044,CUST_0264,2025-02-22,Abstract canvas,4,19.99,79.96,USD,DE
ORD_000045,CUST_0035,2025-12-08,Photo collage,5,19.99,99.94999999999999,USD,DE
ORD_000046,CUST_0206,2025-09-26,Typography print,4,14.99,59.96,USD,US
ORD_000047,CUST_0081,2025-09-17,Abstract canvas,4,29.99,119.96,USD,US
ORD_000048,CUST_0050,2025-07-28,Abstract canvas,2,9.99,19.98,USD,UK
ORD_000049,CUST_0002,2025-10-23,Abstract canvas,3,19.99,59.97,USD,DE
ORD_000050,CUST_0054,2025-09-17,Typography print,2,39.99,79.98,USD,US
ORD_000051,CUST_0106,2025-09-20,Vintage poster,5,29.99,149.95,USD,US
ORD_000052,CUST_0260,2025-10-17,Minimalist poster,5,19.99,99.94999999999999,USD,US
ORD_000053,CUST_0191,2026-01-18,Vintage poster,5,29.99,149.95,USD,CA
ORD_000054,CUST_0218,2025-12-30,Vintage poster,2,29.99,59.98,USD,US
ORD_000055,CUST_0044,2025-03-30,Vintage poster,4,39.99,159.96,USD,US
ORD_000056,CUST_0162,2025-07-20,Nature landscape,4,19.99,79.96,USD,US
ORD_000057,CUST_0202,2025-01-27,Cityscape print,1,14.99,14.99,USD,US
ORD_000058,CUST_0270,2025-06-15,Line art print,5,14.99,74.95,USD,AU
ORD_000059,CUST_0271,2025-07-01,Cityscape print,4,14.99,59.96,USD,US
ORD_000060,CUST_0215,2025-12-14,Photo collage,1,19.99,19.99,USD,CA
ORD_000061,CUST_0252,2025-06-19,Vintage poster,4,9.99,39.96,USD,CA
ORD_000062,CUST_0190,2025-11-13,Minimalist poster,5,24.99,124.94999999999999,USD,AU
ORD_000063,CUST_0296,2025-06-26,Photo collage,3,14.99,44.97,USD,US
ORD_000064,CUST_0213,2025-08-05,Cityscape print,5,14.99,74.95,USD,DE
ORD_000065,CUST_0208,2025-04-07,Line art print,2,39.99,79.98,USD,US
ORD_000066,CUST_0237,2025-11-25,Typography print,4,19.99,79.96,USD,DE
ORD_000067,CUST_0053,2026-01-03,Cityscape print,4,9.99,39.96,USD,DE
ORD_000068,CUST_0280,2025-06-13,Abstract canvas,2,29.99,59.98,USD,US
ORD_000069,CUST_0217,2025-07-30,Cityscape print,2,9.99,19.98,USD,US
ORD_000070,CUST_0252,2025-11-13,Abstract canvas,3,24.99,74.97,USD,US
ORD_000071,CUST_0188,2025-03-26,Typography print,4,29.99,119.96,USD,US
ORD_000072,CUST_0041,2025-08-10,Cityscape print,4,14.99,59.96,USD,US
ORD_000073,CUST_0157,2025-11-15,Minimalist poster,3,29.99,89.97,USD,US
ORD_000074,CUST_0015,2025-12-09,Minimalist poster,1,19.99,19.99,USD,US
ORD_000075,CUST_0065,2025-11-22,Photo collage,3,19.99,59.97,USD,US
ORD_000076,CUST_0009,2026-01-03,Typography print,5,9.99,49.95,USD,US
ORD_000077,CUST_0129,2025-02-04,Vintage poster,4,14.99,59.96,USD,US
ORD_000078,CUST_0136,2025-03-27,Minimalist poster,2,39.99,79.98,USD,US
ORD_000079,CUST_0063,2025-12-23,Cityscape print,5,14.99,74.95,USD,US
ORD_000080,CUST_0139,2025-09-07,Typography print,4,19.99,79.96,USD,US
ORD_000081,CUST_0081,2025-06-26,Line art print,3,19.99,59.97,USD,US
ORD_000082,CUST_0163,2025-08-11,Abstract canvas,5,19.99,99.94999999999999,USD,AU
ORD_000083,CUST_0289,2025-03-17,Cityscape print,4,9.99,39.96,USD,US
ORD_000084,CUST_0261,2025-10-11,Abstract canvas,1,14.99,14.99,USD,US
ORD_000085,CUST_0231,2025-03-24,Abstract canvas,1,24.99,24.99,USD,US
ORD_000086,CUST_0041,2025-04-06,Vintage poster,2,14.99,29.98,USD,AU
ORD_000087,CUST_0028,2025-06-21,Typography print,4,14.99,59.96,USD,AU
ORD_000088,CUST_0135,2026-01-08,Typography print,1,9.99,9.99,USD,AU
ORD_000089,CUST_0201,2025-03-28,Photo collage,3,19.99,59.97,USD,CA
ORD_000090,CUST_0268,2025-11-30,Abstract canvas,4,39.99,159.96,USD,US
ORD_000091,CUST_0033,2025-09-24,Photo collage,3,9.99,29.97,USD,US
ORD_000092,CUST_0048,2026-01-25,Vintage poster,3,9.99,29.97,USD,US
ORD_000093,CUST_0062,2025-12-20,Abstract canvas,1,14.99,14.99,USD,DE
ORD_000094,CUST_0216,2025-05-11,Photo collage,4,24.99,99.96,USD,CA
ORD_000095,CUST_0293,2025-09-07,Photo collage,5,24.99,124.94999999999999,USD,UK
ORD_000096,CUST_0099,2025-12-03,Line art print,1,19.99,19.99,USD,US
ORD_000097,CUST_0172,2025-08-30,Photo collage,1,29.99,29.99,USD,AU
ORD_000098,CUST_0214,2025-09-22,Typography print,4,24.99,99.96,USD,US
ORD_000099,CUST_0035,2025-10-10,Photo collage,4,39.99,159.96,USD,US
ORD_000100,CUST_0227,2025-10-13,Abstract canvas,3,29.99,89.97,USD,US
ORD_000101,CUST_0101,2025-01-29,Photo collage,4,14.99,59.96,USD,US
ORD_000102,CUST_0131,2025-10-12,Minimalist poster,3,14.99,44.97,USD,US
ORD_000103,CUST_0257,2025-03-19,Nature landscape,1,9.99,9.99,USD,AU
ORD_000104,CUST_0005,2025-03-12,Abstract canvas,2,14.99,29.98,USD,US
ORD_000105,CUST_0218,2025-08-27,Minimalist poster,5,49.99,249.95000000000002,USD,US
ORD_000106,CUST_0255,2025-07-20,Vintage poster,1,19.99,19.99,USD,US
ORD_000107,CUST_0283,2025-02-02,Abstract canvas,4,14.99,59.96,USD,US
ORD_000108,CUST_0207,2025-05-03,Typography print,5,29.99,149.95,USD,AU
ORD_000109,CUST_0015,2025-02-13,Nature landscape,2,19.99,39.98,USD,UK
ORD_000110,CUST_0042,2025-09-22,Nature landscape,2,9.99,19.98,USD,UK
ORD_000111,CUST_0179,2025-03-26,Typography print,3,14.99,44.97,USD,AU
ORD_000112,CUST_0063,2025-07-21,Nature landscape,5,19.99,99.94999999999999,USD,UK
ORD_000113,CUST_0231,2025-12-28,Typography print,3,29.99,89.97,USD,US
ORD_000114,CUST_0241,2025-03-27,Minimalist poster,1,9.99,9.99,USD,UK
ORD_000115,CUST_0052,2025-06-18,Vintage poster,5,14.99,74.95,USD,US
ORD_000116,CUST_0096,2025-08-28,Line art print,1,19.99,19.99,USD,US
ORD_000117,CUST_0222,2025-01-27,Abstract canvas,3,14.99,44.97,USD,US
ORD_000118,CUST_0231,2025-07-03,Typography print,5,24.99,124.94999999999999,USD,UK
ORD_000119,CUST_0237,2025-09-08,Abstract canvas,3,19.99,59.97,USD,UK
ORD_000120,CUST_0143,2025-10-20,Vintage poster,5,14.99,74.95,USD,US
ORD_000121,CUST_0171,2025-05-24,Minimalist poster,3,39.99,119.97,USD,UK
ORD_000122,CUST_0029,2025-04-23,Line art print,2,24.99,49.98,USD,DE
ORD_000123,CUST_0036,2025-12-19,Vintage poster,3,9.99,29.97,USD,US
ORD_000124,CUST_0013,2025-04-02,Minimalist poster,2,19.99,39.98,USD,US
ORD_000125,CUST_0160,2026-01-16,Nature landscape,3,29.99,89.97,USD,UK
ORD_000126,CUST_0187,2025-05-02,Abstract canvas,5,24.99,124.94999999999999,USD,US
ORD_000127,CUST_0243,2025-10-18,Cityscape print,5,9.99,49.95,USD,CA
ORD_000128,CUST_0086,2025-05-09,Line art print,5,49.99,249.95000000000002,USD,US
ORD_000129,CUST_0284,2025-12-13,Nature landscape,4,19.99,79.96,USD,US
ORD_000130,CUST_0066,2025-05-27,Vintage poster,1,9.99,9.99,USD,UK
ORD_000131,CUST_0170,2025-02-22,Line art print,5,9.99,49.95,USD,CA
ORD_000132,CUST_0045,2025-06-10,Nature landscape,2,9.99,19.98,USD,AU
ORD_000133,CUST_0062,2025-08-07,Minimalist poster,5,29.99,149.95,USD,AU
ORD_000134,CUST_0134,2025-09-07,Typography print,4,9.99,39.96,USD,UK
ORD_000135,CUST_0284,2025-12-22,Abstract canvas,2,9.99,19.98,USD,CA
ORD_000136,CUST_0028,2025-07-13,Photo collage,4,39.99,159.96,USD,US
ORD_000137,CUST_0108,2025-02-02,Photo collage,2,14.99,29.98,USD,US
ORD_000138,CUST_0044,2025-03-05,Minimalist poster,3,9.99,29.97,USD,US
ORD_000139,CUST_0286,2025-02-18,Vintage poster,1,9.99,9.99,USD,AU
ORD_000140,CUST_0128,2025-10-12,Abstract canvas,1,9.99,9.99,USD,US
ORD_000141,CUST_0231,2025-09-07,Vintage poster,4,14.99,59.96,USD,US
ORD_000142,CUST_0190,2025-05-28,Abstract canvas,1,24.99,24.99,USD,US
ORD_000143,CUST_0225,2025-03-03,Minimalist poster,4,9.99,39.96,USD,UK
ORD_000144,CUST_0283,2025-12-18,Abstract canvas,4,9.99,39.96,USD,AU
ORD_000145,CUST_0121,2025-10-02,Typography print,4,29.99,119.96,USD,US
ORD_000146,CUST_0116,2025-07-19,Vintage poster,1,24.99,24.99,USD,AU
ORD_000147,CUST_0233,2025-04-24,Minimalist poster,4,19.99,79.96,USD,US
ORD_000148,CUST_0259,2025-03-02,Typography print,1,19.99,19.99,USD,US
ORD_000149,CUST_0198,2025-12-06,Abstract canvas,4,14.99,59.96,USD,AU
ORD_000150,CUST_0137,2025-07-19,Minimalist poster,5,19.99,99.94999999999999,USD,US
ORD_000151,CUST_0165,2025-11-04,Abstract canvas,4,19.99,79.96,USD,DE
ORD_000152,CUST_0225,2025-04-15,Vintage poster,2,14.99,29.98,USD,US
ORD_000153,CUST_0234,2025-05-18,Minimalist poster,4,39.99,159.96,USD,US
ORD_000154,CUST_0172,2025-03-05,Abstract canvas,3,9.99,29.97,USD,DE
ORD_000155,CUST_0152,2025-11-21,Vintage poster,4,29.99,119.96,USD,US
ORD_000156,CUST_0160,2025-09-05,Typography print,2,9.99,19.98,USD,DE
ORD_000157,CUST_0096,2025-12-08,Cityscape print,2,29.99,59.98,USD,DE
ORD_000158,CUST_0233,2026-01-08,Typography print,1,24.99,24.99,USD,US
ORD_000159,CUST_0180,2025-05-19,Abstract canvas,5,29.99,149.95,USD,US
ORD_000160,CUST_0113,2025-07-29,Minimalist poster,4,9.99,39.96,USD,US
ORD_000161,CUST_0052,2025-12-13,Photo collage,1,19.99,19.99,USD,US
ORD_000162,CUST_0268,2025-03-21,Typography print,5,19.99,99.94999999999999,USD,US
ORD_000163,CUST_0295,2025-03-05,Typography print,4,24.99,99.96,USD,US
ORD_000164,CUST_0113,2026-01-13,Vintage poster,3,19.99,59.97,USD,US
ORD_000165,CUST_0101,2025-03-05,Nature landscape,4,19.99,79.96,USD,US
ORD_000166,CUST_0113,2026-01-06,Photo collage,2,19.99,39.98,USD,DE
ORD_000167,CUST_0081,2025-09-18,Abstract canvas,2,14.99,29.98,USD,AU
ORD_000168,CUST_0187,2025-11-09,Cityscape print,3,19.99,59.97,USD,UK
ORD_000169,CUST_0113,2025-10-13,Minimalist poster,1,9.99,9.99,USD,US
ORD_000170,CUST_0002,2025-08-28,Nature landscape,5,49.99,249.95000000000002,USD,AU
ORD_000171,CUST_0130,2025-06-20,Abstract canvas,4,24.99,99.96,USD,US
ORD_000172,CUST_0220,2025-12-26,Line art print,2,49.99,99.98,USD,UK
ORD_000173,CUST_0054,2025-07-11,Cityscape print,1,14.99,14.99,USD,DE
ORD_000174,CUST_0224,2025-04-26,Typography print,3,39.99,119.97,USD,US
ORD_000175,CUST_0225,2026-01-12,Line art print,2,29.99,59.98,USD,CA
ORD_000176,CUST_0126,2025-03-24,Typography print,3,24.99,74.97,USD,AU
ORD_000177,CUST_0130,2025-03-24,Typography print,4,24.99,99.96,USD,DE
ORD_000178,CUST_0053,2025-11-24,Line art print,5,14.99,74.95,USD,UK
ORD_000179,CUST_0172,2025-07-12,Cityscape print,2,29.99,59.98,USD,US
ORD_000180,CUST_0218,2025-10-20,Vintage poster,2,19.99,39.98,USD,US
ORD_000181,CUST_0160,2026-01-22,Line art print,4,9.99,39.96,USD,US
ORD_000182,CUST_0198,2025-03-10,Abstract canvas,1,14.99,14.99,USD,UK
ORD_000183,CUST_0247,2026-01-04,Nature landscape,5,39.99,199.95000000000002,USD,US
ORD_000184,CUST_0203,2025-07-24,Nature landscape,2,39.99,79.98,USD,AU
ORD_000185,CUST_0184,2025-07-13,Line art print,5,49.99,249.95000000000002,USD,US
ORD_000186,CUST_0123,2026-01-15,Abstract canvas,2,24.99,49.98,USD,US
ORD_000187,CUST_0255,2025-08-03,Vintage poster,5,14.99,74.95,USD,US
ORD_000188,CUST_0294,2025-06-28,Nature landscape,3,9.99,29.97,USD,UK
ORD_000189,CUST_0280,2025-07-31,Abstract canvas,2,9.99,19.98,USD,US
ORD_000190,CUST_0098,2025-01-31,Vintage poster,5,9.99,49.95,USD,US
ORD_000191,CUST_0198,2025-06-06,Abstract canvas,1,14.99,14.99,USD,US
ORD_000192,CUST_0240,2025-09-16,Typography print,3,9.99,29.97,USD,US
ORD_000193,CUST_0144,2025-03-10,Nature landscape,3,19.99,59.97,USD,US
ORD_000194,CUST_0097,2025-12-04,Vintage poster,1,39.99,39.99,USD,AU
ORD_000195,CUST_0201,2025-09-30,Nature landscape,5,19.99,99.94999999999999,USD,US
ORD_000196,CUST_0124,2025-02-24,Typography print,4,39.99,159.96,USD,US
ORD_000197,CUST_0187,2025-02-16,Line art print,1,24.99,24.99,USD,AU
ORD_000198,CUST_0259,2025-07-03,Typography print,5,14.99,74.95,USD,DE
ORD_000199,CUST_0148,2026-01-22,Nature landscape,1,14.99,14.99,USD,CA
ORD_000200,CUST_0252,2025-07-01,Nature landscape,1,9.99,9.99,USD,US
ORD_000201,CUST_0147,2025-03-04,Cityscape print,2,14.99,29.98,USD,AU
ORD_000202,CUST_0148,2025-04-16,Vintage poster,5,24.99,124.94999999999999,USD,DE
ORD_000203,CUST_0199,2026-01-15,Line art print,4,9.99,39.96,USD,UK
ORD_000204,CUST_0128,2025-10-09,Typography print,2,14.99,29.98,USD,US
ORD_000205,CUST_0039,2025-08-18,Vintage poster,1,14.99,14.99,USD,US
ORD_000206,CUST_0129,2025-04-11,Minimalist poster,1,49.99,49.99,USD,UK
ORD_000207,CUST_0267,2025-02-05,Vintage poster,1,29.99,29.99,USD,US
ORD_000208,CUST_0151,2025-11-15,Minimalist poster,5,24.99,124.94999999999999,USD,US
ORD_000209,CUST_0298,2025-09-05,Line art print,5,9.99,49.95,USD,AU
ORD_000210,CUST_0099,2025-02-06,Typography print,2,29.99,59.98,USD,CA
ORD_000211,CUST_0263,2025-03-11,Typography print,4,29.99,119.96,USD,US
ORD_000212,CUST_0252,2025-06-28,Abstract canvas,2,24.99,49.98,USD,CA
ORD_000213,CUST_0144,2025-05-17,Nature landscape,3,49.99,149.97,USD,US
ORD_000214,CUST_0112,2025-09-14,Photo collage,1,14.99,14.99,USD,US
ORD_000215,CUST_0060,2025-02-10,Cityscape print,1,39.99,39.99,USD,UK
ORD_000216,CUST_0002,2026-01-19,Vintage poster,1,39.99,39.99,USD,US
ORD_000217,CUST_0254,2025-09-04,Line art print,2,9.99,19.98,USD,US
ORD_000218,CUST_0140,2026-01-13,Photo collage,2,19.99,39.98,USD,DE
ORD_000219,CUST_0037,2025-07-31,Vintage poster,1,49.99,49.99,USD,US
ORD_000220,CUST_0160,2026-01-03,Photo collage,2,9.99,19.98,USD,US
ORD_000221,CUST_0009,2026-01-24,Line art print,5,19.99,99.94999999999999,USD,DE
ORD_000222,CUST_0233,2025-07-06,Typography print,5,49.99,249.95000000000002,USD,UK
ORD_000223,CUST_0099,2025-12-16,Line art print,2,19.99,39.98,USD,CA
ORD_000224,CUST_0147,2025-04-08,Vintage poster,1,9.99,9.99,USD,AU
ORD_000225,CUST_0208,2025-09-14,Photo collage,2,19.99,39.98,USD,US
ORD_000226,CUST_0131,2025-09-05,Nature landscape,2,14.99,29.98,USD,UK
ORD_000227,CUST_0152,2025-12-09,Cityscape print,2,19.99,39.98,USD,US
ORD_000228,CUST_0054,2025-03-25,Cityscape print,3,9.99,29.97,USD,AU
ORD_000229,CUST_0120,2025-12-25,Nature landscape,5,24.99,124.94999999999999,USD,US
ORD_000230,CUST_0161,2025-09-03,Nature landscape,4,19.99,79.96,USD,CA
ORD_000231,CUST_0116,2025-03-02,Typography print,4,24.99,99.96,USD,US
ORD_000232,CUST_0075,2025-10-29,Vintage poster,3,24.99,74.97,USD,US
ORD_000233,CUST_0113,2025-08-08,Minimalist poster,2,19.99,39.98,USD,UK
ORD_000234,CUST_0104,2026-01-11,Line art print,3,24.99,74.97,USD,CA
ORD_000235,CUST_0254,2025-09-23,Cityscape print,3,9.99,29.97,USD,CA
ORD_000236,CUST_0227,2025-12-14,Nature landscape,1,19.99,19.99,USD,US
ORD_000237,CUST_0112,2025-08-31,Line art print,5,9.99,49.95,USD,US
ORD_000238,CUST_0099,2025-08-04,Cityscape print,4,39.99,159.96,USD,UK
ORD_000239,CUST_0153,2025-02-10,Nature landscape,2,9.99,19.98,USD,AU
ORD_000240,CUST_0194,2025-02-05,Vintage poster,4,19.99,79.96,USD,CA
ORD_000241,CUST_0163,2025-08-05,Cityscape print,4,24.99,99.96,USD,DE
ORD_000242,CUST_0208,2025-02-15,Typography print,5,19.99,99.94999999999999,USD,AU
ORD_000243,CUST_0169,2025-05-24,Minimalist poster,4,9.99,39.96,USD,US
ORD_000244,CUST_0161,2025-08-22,Minimalist poster,4,19.99,79.96,USD,CA
ORD_000245,CUST_0068,2025-11-26,Nature landscape,3,24.99,74.97,USD,DE
ORD_000246,CUST_0289,2025-10-21,Cityscape print,5,24.99,124.94999999999999,USD,CA
ORD_000247,CUST_0277,2025-08-04,Typography print,1,14.99,14.99,USD,AU
ORD_000248,CUST_0135,2025-07-18,Abstract canvas,2,19.99,39.98,USD,CA
ORD_000249,CUST_0195,2025-11-05,Line art print,4,19.99,79.96,USD,US
ORD_000250,CUST_0128,2025-08-16,Line art print,2,24.99,49.98,USD,US
ORD_000251,CUST_0033,2025-07-07,Photo collage,1,19.99,19.99,USD,US
ORD_000252,CUST_0176,2025-10-02,Typography print,2,19.99,39.98,USD,DE
ORD_000253,CUST_0022,2025-09-08,Cityscape print,1,14.99,14.99,USD,CA
ORD_000254,CUST_0238,2025-01-31,Vintage poster,3,9.99,29.97,USD,US
ORD_000255,CUST_0158,2025-02-22,Vintage poster,4,9.99,39.96,USD,DE
ORD_000256,CUST_0038,2025-02-26,Photo collage,1,9.99,9.99,USD,US
ORD_000257,CUST_0230,2025-06-07,Nature landscape,2,19.99,39.98,USD,US
ORD_000258,CUST_0051,2025-04-13,Cityscape print,4,24.99,99.96,USD,UK
ORD_000259,CUST_0264,2025-03-23,Photo collage,3,14.99,44.97,USD,UK
ORD_000260,CUST_0283,2025-02-19,Minimalist poster,4,39.99,159.96,USD,US
ORD_000261,CUST_0027,2025-09-07,Line art print,1,9.99,9.99,USD,US
ORD_000262,CUST_0226,2025-11-05,Cityscape print,3,29.99,89.97,USD,US
ORD_000263,CUST_0277,2025-01-28,Photo collage,2,24.99,49.98,USD,US
ORD_000264,CUST_0286,2025-05-03,Minimalist poster,3,14.99,44.97,USD,US
ORD_000265,CUST_0097,2025-03-04,Typography print,3,9.99,29.97,USD,US
ORD_000266,CUST_0284,2025-10-22,Photo collage,5,24.99,124.94999999999999,USD,US
ORD_000267,CUST_0147,2025-11-05,Nature landscape,3,14.99,44.97,USD,US
ORD_000268,CUST_0004,2025-06-30,Nature landscape,3,39.99,119.97,USD,US
ORD_000269,CUST_0035,2025-04-09,Nature landscape,4,19.99,79.96,USD,US
ORD_000270,CUST_0192,2025-11-08,Cityscape print,2,39.99,79.98,USD,AU
ORD_000271,CUST_0049,2025-06-03,Vintage poster,4,14.99,59.96,USD,UK
ORD_000272,CUST_0017,2025-07-18,Vintage poster,4,24.99,99.96,USD,US
ORD_000273,CUST_0172,2025-04-18,Line art print,1,24.99,24.99,USD,US
ORD_000274,CUST_0220,2025-02-15,Photo collage,4,24.99,99.96,USD,US
ORD_000275,CUST_0158,2025-02-20,Typography print,5,14.99,74.95,USD,US
ORD_000276,CUST_0046,2025-08-07,Photo collage,5,24.99,124.94999999999999,USD,US
ORD_000277,CUST_0006,2025-12-27,Line art print,1,19.99,19.99,USD,US
ORD_000278,CUST_0099,2025-09-17,Minimalist poster,2,24.99,49.98,USD,US
ORD_000279,CUST_0233,2025-04-26,Line art print,2,14.99,29.98,USD,AU
ORD_000280,CUST_0037,2025-02-14,Nature landscape,4,39.99,159.96,USD,US
ORD_000281,CUST_0280,2025-11-23,Cityscape print,4,9.99,39.96,USD,US
ORD_000282,CUST_0181,2026-01-16,Minimalist poster,4,29.99,119.96,USD,AU
ORD_000283,CUST_0095,2025-04-18,Cityscape print,2,39.99,79.98,USD,US
ORD_000284,CUST_0099,2025-10-13,Nature landscape,3,29.99,89.97,USD,US
ORD_000285,CUST_0188,2025-06-20,Abstract canvas,5,19.99,99.94999999999999,USD,US
ORD_000286,CUST_0116,2025-10-08,Line art print,3,19.99,59.97,USD,US
ORD_000287,CUST_0191,2025-03-23,Line art print,3,49.99,149.97,USD,UK
ORD_000288,CUST_0253,2025-02-08,Typography print,2,14.99,29.98,USD,US
ORD_000289,CUST_0161,2025-07-05,Photo collage,3,19.99,59.97,USD,US
ORD_000290,CUST_0256,2025-07-06,Minimalist poster,1,24.99,24.99,USD,US
ORD_000291,CUST_0128,2025-12-10,Vintage poster,4,24.99,99.96,USD,US
ORD_000292,CUST_0018,2025-11-01,Cityscape print,1,14.99,14.99,USD,AU
ORD_000293,CUST_0281,2025-10-31,Minimalist poster,5,24.99,124.94999999999999,USD,UK
ORD_000294,CUST_0223,2025-02-05,Typography print,4,29.99,119.96,USD,US
ORD_000295,CUST_0054,2025-10-25,Typography print,3,9.99,29.97,USD,US
ORD_000296,CUST_0058,2025-10-22,Cityscape print,5,39.99,199.95000000000002,USD,US
ORD_000297,CUST_0174,2025-08-20,Vintage poster,4,9.99,39.96,USD,AU
ORD_000298,CUST_0280,2025-02-20,Photo collage,3,14.99,44.97,USD,US
ORD_000299,CUST_0114,2025-04-06,Cityscape print,1,9.99,9.99,USD,US
ORD_000300,CUST_0288,2025-03-25,Cityscape print,4,9.99,39.96,USD,US
ORD_000301,CUST_0151,2025-06-18,Nature landscape,3,39.99,119.97,USD,US
ORD_000302,CUST_0127,2025-04-27,Vintage poster,1,14.99,14.99,USD,US
ORD_000303,CUST_0155,2025-11-29,Photo collage,5,19.99,99.94999999999999,USD,US
ORD_000304,CUST_0273,2025-02-01,Line art print,5,14.99,74.95,USD,US
ORD_000305,CUST_0104,2025-04-13,Nature landscape,5,19.99,99.94999999999999,USD,US
ORD_000306,CUST_0299,2025-02-20,Abstract canvas,5,19.99,99.94999999999999,USD,US
ORD_000307,CUST_0246,2025-07-17,Vintage poster,2,14.99,29.98,USD,AU
ORD_000308,CUST_0176,2025-03-15,Photo collage,4,14.99,59.96,USD,US
ORD_000309,CUST_0039,2025-08-11,Typography print,4,39.99,159.96,USD,US
ORD_000310,CUST_0170,2026-01-08,Nature landscape,2,14.99,29.98,USD,CA
ORD_000311,CUST_0247,2025-07-24,Photo collage,3,19.99,59.97,USD,US
ORD_000312,CUST_0026,2025-02-17,Minimalist poster,3,14.99,44.97,USD,CA
ORD_000313,CUST_0013,2025-12-06,Cityscape print,5,29.99,149.95,USD,AU
ORD_000314,CUST_0036,2025-03-11,Abstract canvas,1,14.99,14.99,USD,US
ORD_000315,CUST_0173,2025-02-08,Line art print,3,19.99,59.97,USD,DE
ORD_000316,CUST_0020,2025-06-26,Cityscape print,1,14.99,14.99,USD,US
ORD_000317,CUST_0264,2025-09-03,Minimalist poster,4,49.99,199.96,USD,US
ORD_000318,CUST_0142,2025-08-18,Minimalist poster,1,14.99,14.99,USD,US
ORD_000319,CUST_0143,2025-10-24,Abstract canvas,4,29.99,119.96,USD,US
ORD_000320,CUST_0092,2025-09-17,Line art print,2,19.99,39.98,USD,UK
ORD_000321,CUST_0288,2025-12-30,Typography print,2,14.99,29.98,USD,UK
ORD_000322,CUST_0215,2025-09-09,Nature landscape,5,29.99,149.95,USD,AU
ORD_000323,CUST_0051,2025-02-02,Vintage poster,3,14.99,44.97,USD,DE
ORD_000324,CUST_0153,2025-07-09,Line art print,5,39.99,199.95000000000002,USD,UK
ORD_000325,CUST_0186,2025-12-09,Vintage poster,4,39.99,159.96,USD,CA
ORD_000326,CUST_0063,2025-08-26,Photo collage,5,39.99,199.95000000000002,USD,US
ORD_000327,CUST_0190,2025-05-21,Minimalist poster,1,9.99,9.99,USD,US
ORD_000328,CUST_0125,2026-01-03,Photo collage,4,29.99,119.96,USD,US
ORD_000329,CUST_0150,2025-04-06,Typography print,2,19.99,39.98,USD,UK
ORD_000330,CUST_0058,2025-03-29,Photo collage,3,39.99,119.97,USD,US
ORD_000331,CUST_0180,2025-08-17,Line art print,4,24.99,99.96,USD,US
ORD_000332,CUST_0170,2025-08-21,Photo collage,4,29.99,119.96,USD,US
ORD_000333,CUST_0271,2025-04-06,Typography print,1,19.99,19.99,USD,US
ORD_000334,CUST_0054,2025-10-28,Typography print,3,19.99,59.97,USD,US
ORD_000335,CUST_0101,2025-10-25,Typography print,2,9.99,19.98,USD,US
ORD_000336,CUST_0264,2025-12-10,Line art print,4,29.99,119.96,USD,CA
ORD_000337,CUST_0053,2025-12-28,Typography print,4,19.99,79.96,USD,US
ORD_000338,CUST_0060,2026-01-25,Minimalist poster,1,19.99,19.99,USD,CA
ORD_000339,CUST_0108,2025-04-29,Cityscape print,5,29.99,149.95,USD,US
ORD_000340,CUST_0005,2025-07-09,Typography print,2,19.99,39.98,USD,US
ORD_000341,CUST_0103,2025-02-25,Photo collage,3,14.99,44.97,USD,US
ORD_000342,CUST_0196,2025-02-04,Nature landscape,4,19.99,79.96,USD,US
ORD_000343,CUST_0262,2025-11-21,Photo collage,4,19.99,79.96,USD,US
ORD_000344,CUST_0047,2025-08-29,Nature landscape,2,19.99,39.98,USD,US
ORD_000345,CUST_0144,2025-11-09,Photo collage,5,9.99,49.95,USD,US
ORD_000346,CUST_0269,2025-05-06,Line art print,4,14.99,59.96,USD,US
ORD_000347,CUST_0124,2025-10-18,Photo collage,2,14.99,29.98,USD,US
ORD_000348,CUST_0106,2025-08-26,Line art print,1,24.99,24.99,USD,CA
ORD_000349,CUST_0158,2025-07-22,Line art print,5,9.99,49.95,USD,AU
ORD_000350,CUST_0147,2025-04-22,Typography print,3,19.99,59.97,USD,US
ORD_000351,CUST_0145,2025-03-06,Minimalist poster,4,39.99,159.96,USD,DE
ORD_000352,CUST_0120,2025-04-10,Nature landscape,2,9.99,19.98,USD,US
ORD_000353,CUST_0275,2025-03-11,Typography print,1,19.99,19.99,USD,CA
ORD_000354,CUST_0092,2025-07-03,Typography print,3,29.99,89.97,USD,CA
ORD_000355,CUST_0058,2025-04-14,Cityscape print,2,39.99,79.98,USD,CA
ORD_000356,CUST_0229,2025-11-30,Line art print,2,24.99,49.98,USD,US
ORD_000357,CUST_0117,2025-04-20,Line art print,3,24.99,74.97,USD,US
ORD_000358,CUST_0279,2025-04-26,Nature landscape,1,29.99,29.99,USD,US
ORD_000359,CUST_0127,2025-06-21,Photo collage,1,19.99,19.99,USD,US
ORD_000360,CUST_0129,2025-07-04,Photo collage,5,29.99,149.95,USD,US
ORD_000361,CUST_0058,2025-08-14,Vintage poster,4,9.99,39.96,USD,US
ORD_000362,CUST_0122,2025-09-23,Typography print,3,39.99,119.97,USD,US
ORD_000363,CUST_0001,2026-01-12,Vintage poster,3,19.99,59.97,USD,US
ORD_000364,CUST_0239,2025-01-26,Abstract canvas,3,19.99,59.97,USD,UK
ORD_000365,CUST_0290,2025-09-06,Abstract canvas,1,14.99,14.99,USD,AU
ORD_000366,CUST_0096,2025-11-09,Vintage poster,4,24.99,99.96,USD,DE
ORD_000367,CUST_0126,2025-09-14,Photo collage,5,9.99,49.95,USD,US
ORD_000368,CUST_0118,2025-04-11,Abstract canvas,2,39.99,79.98,USD,UK
ORD_000369,CUST_0048,2025-05-20,Cityscape print,2,29.99,59.98,USD,AU
ORD_000370,CUST_0089,2025-06-27,Photo collage,3,14.99,44.97,USD,US
ORD_000371,CUST_0237,2025-05-07,Line art print,4,29.99,119.96,USD,US
ORD_000372,CUST_0272,2025-08-06,Typography print,1,29.99,29.99,USD,DE
ORD_000373,CUST_0189,2025-07-09,Minimalist poster,4,24.99,99.96,USD,US
ORD_000374,CUST_0192,2026-01-18,Typography print,4,14.99,59.96,USD,US
ORD_000375,CUST_0069,2025-04-24,Vintage poster,1,14.99,14.99,USD,US
ORD_000376,CUST_0278,2025-07-17,Photo collage,3,14.99,44.97,USD,US
ORD_000377,CUST_0247,2025-05-26,Vintage poster,4,14.99,59.96,USD,AU
ORD_000378,CUST_0076,2025-06-16,Cityscape print,2,39.99,79.98,USD,CA
ORD_000379,CUST_0154,2025-05-10,Photo collage,1,9.99,9.99,USD,US
ORD_000380,CUST_0144,2025-11-25,Typography print,5,29.99,149.95,USD,US
ORD_000381,CUST_0086,2026-01-19,Cityscape print,3,14.99,44.97,USD,US
ORD_000382,CUST_0185,2025-12-07,Cityscape print,1,19.99,19.99,USD,US
ORD_000383,CUST_0285,2025-05-27,Cityscape print,5,29.99,149.95,USD,US
ORD_000384,CUST_0220,2025-02-02,Nature landscape,5,39.99,199.95000000000002,USD,AU
ORD_000385,CUST_0069,2025-10-13,Photo collage,4,14.99,59.96,USD,US
ORD_000386,CUST_0047,2025-04-07,Abstract canvas,4,19.99,79.96,USD,US
ORD_000387,CUST_0094,2026-01-18,Abstract canvas,4,19.99,79.96,USD,CA
ORD_000388,CUST_0238,2025-09-04,Photo collage,1,9.99,9.99,USD,US
ORD_000389,CUST_0204,2025-03-06,Photo collage,1,14.99,14.99,USD,AU
ORD_000390,CUST_0218,2025-08-16,Nature landscape,3,19.99,59.97,USD,UK
ORD_000391,CUST_0039,2025-10-15,Abstract canvas,4,19.99,79.96,USD,UK
ORD_000392,CUST_0100,2025-12-18,Photo collage,5,24.99,124.94999999999999,USD,US
ORD_000393,CUST_0289,2025-07-21,Photo collage,2,14.99,29.98,USD,US
ORD_000394,CUST_0254,2026-01-07,Vintage poster,3,19.99,59.97,USD,US
ORD_000395,CUST_0222,2025-12-08,Nature landscape,1,19.99,19.99,USD,US
ORD_000396,CUST_0023,2025-04-18,Nature landscape,3,24.99,74.97,USD,UK
ORD_000397,CUST_0250,2025-12-08,Typography print,3,39.99,119.97,USD,AU
ORD_000398,CUST_0010,2025-05-15,Nature landscape,3,19.99,59.97,USD,UK
ORD_000399,CUST_0246,2025-10-02,Minimalist poster,3,29.99,89.97,USD,DE
ORD_000400,CUST_0100,2025-01-31,Abstract canvas,2,14.99,29.98,USD,UK
ORD_000401,CUST_0290,2025-04-18,Typography print,4,19.99,79.96,USD,US
ORD_000402,CUST_0180,2025-08-20,Minimalist poster,5,14.99,74.95,USD,US
ORD_000403,CUST_0223,2025-12-04,Photo collage,3,19.99,59.97,USD,CA
ORD_000404,CUST_0250,2025-02-15,Vintage poster,3,24.99,74.97,USD,US
ORD_000405,CUST_0147,2025-01-27,Vintage poster,3,39.99,119.97,USD,US
ORD_000406,CUST_0096,2025-05-31,Photo collage,4,9.99,39.96,USD,US
ORD_000407,CUST_0257,2025-11-17,Typography print,1,24.99,24.99,USD,AU
ORD_000408,CUST_0004,2025-07-31,Nature landscape,1,19.99,19.99,USD,US
ORD_000409,CUST_0016,2026-01-21,Cityscape print,2,9.99,19.98,USD,UK
ORD_000410,CUST_0280,2025-02-07,Vintage poster,1,14.99,14.99,USD,AU
ORD_000411,CUST_0247,2025-02-05,Cityscape print,3,14.99,44.97,USD,US
ORD_000412,CUST_0258,2025-04-21,Photo collage,3,9.99,29.97,USD,US
ORD_000413,CUST_0160,2025-02-05,Cityscape print,3,14.99,44.97,USD,US
ORD_000414,CUST_0152,2025-02-18,Line art print,2,14.99,29.98,USD,UK
ORD_000415,CUST_0178,2025-11-21,Typography print,3,14.99,44.97,USD,UK
ORD_000416,CUST_0163,2025-09-24,Minimalist poster,1,24.99,24.99,USD,AU
ORD_000417,CUST_0033,2025-05-26,Typography print,4,19.99,79.96,USD,US
ORD_000418,CUST_0179,2025-06-20,Abstract canvas,4,49.99,199.96,USD,US
ORD_000419,CUST_0101,2025-03-20,Nature landscape,5,19.99,99.94999999999999,USD,US
ORD_000420,CUST_0268,2025-09-19,Nature landscape,1,29.99,29.99,USD,UK
ORD_000421,CUST_0065,2026-01-15,Typography print,3,39.99,119.97,USD,US
ORD_000422,CUST_0168,2025-07-16,Photo collage,4,24.99,99.96,USD,US
ORD_000423,CUST_0043,2025-09-02,Photo collage,1,19.99,19.99,USD,US
ORD_000424,CUST_0044,2025-05-23,Line art print,4,29.99,119.96,USD,US
ORD_000425,CUST_0285,2025-11-29,Line art print,3,14.99,44.97,USD,US
ORD_000426,CUST_0012,2025-07-26,Nature landscape,4,14.99,59.96,USD,US
ORD_000427,CUST_0095,2025-11-08,Line art print,5,19.99,99.94999999999999,USD,US
ORD_000428,CUST_0253,2025-11-27,Vintage poster,5,19.99,99.94999999999999,USD,US
ORD_000429,CUST_0242,2025-11-20,Vintage poster,4,9.99,39.96,USD,UK
ORD_000430,CUST_0035,2025-04-16,Minimalist poster,1,39.99,39.99,USD,AU
ORD_000431,CUST_0215,2025-08-23,Line art print,1,24.99,24.99,USD,US
ORD_000432,CUST_0090,2025-06-23,Minimalist poster,1,19.99,19.99,USD,UK
ORD_000433,CUST_0264,2025-03-02,Line art print,4,39.99,159.96,USD,US
ORD_000434,CUST_0093,2026-01-11,Nature landscape,1,19.99,19.99,USD,US
ORD_000435,CUST_0090,2025-12-02,Nature landscape,3,49.99,149.97,USD,AU
ORD_000436,CUST_0115,2026-01-20,Minimalist poster,5,19.99,99.94999999999999,USD,UK
ORD_000437,CUST_0105,2025-03-24,Typography print,3,9.99,29.97,USD,AU
ORD_000438,CUST_0196,2025-06-04,Nature landscape,1,29.99,29.99,USD,US
ORD_000439,CUST_0114,2025-08-14,Typography print,3,24.99,74.97,USD,US
ORD_000440,CUST_0075,2025-09-24,Photo collage,1,29.99,29.99,USD,AU
ORD_000441,CUST_0217,2025-02-28,Vintage poster,4,49.99,199.96,USD,US
ORD_000442,CUST_0277,2025-04-27,Minimalist poster,3,29.99,89.97,USD,US
ORD_000443,CUST_0249,2025-08-19,Cityscape print,4,24.99,99.96,USD,UK
ORD_000444,CUST_0164,2026-01-12,Nature landscape,4,39.99,159.96,USD,AU
ORD_000445,CUST_0192,2025-12-22,Abstract canvas,2,24.99,49.98,USD,AU
ORD_000446,CUST_0227,2025-11-25,Photo collage,1,19.99,19.99,USD,US
ORD_000447,CUST_0177,2026-01-09,Typography print,5,39.99,199.95000000000002,USD,AU
ORD_000448,CUST_0099,2025-08-25,Nature landscape,1,14.99,14.99,USD,US
ORD_000449,CUST_0036,2025-07-02,Minimalist poster,5,24.99,124.94999999999999,USD,US
ORD_000450,CUST_0096,2025-02-17,Cityscape print,1,39.99,39.99,USD,CA
ORD_000451,CUST_0152,2025-11-13,Line art print,4,24.99,99.96,USD,US
ORD_000452,CUST_0151,2025-01-28,Cityscape print,3,24.99,74.97,USD,US
ORD_000453,CUST_0190,2025-09-01,Abstract canvas,3,29.99,89.97,USD,CA
ORD_000454,CUST_0224,2026-01-23,Typography print,2,19.99,39.98,USD,US
ORD_000455,CUST_0037,2025-02-13,Photo collage,5,39.99,199.95000000000002,USD,US
ORD_000456,CUST_0268,2025-06-25,Cityscape print,5,14.99,74.95,USD,US
ORD_000457,CUST_0183,2025-03-15,Minimalist poster,5,9.99,49.95,USD,US
ORD_000458,CUST_0013,2025-07-20,Abstract canvas,4,14.99,59.96,USD,US
ORD_000459,CUST_0279,2025-04-30,Minimalist poster,5,19.99,99.94999999999999,USD,UK
ORD_000460,CUST_0217,2025-05-09,Nature landscape,3,19.99,59.97,USD,UK
ORD_000461,CUST_0286,2025-10-01,Line art print,4,29.99,119.96,USD,US
ORD_000462,CUST_0273,2025-05-21,Photo collage,1,19.99,19.99,USD,AU
ORD_000463,CUST_0062,2026-01-13,Minimalist poster,5,19.99,99.94999999999999,USD,US
ORD_000464,CUST_0084,2025-09-09,Typography print,5,9.99,49.95,USD,US
ORD_000465,CUST_0217,2025-03-31,Nature landscape,1,19.99,19.99,USD,AU
ORD_000466,CUST_0187,2025-12-25,Nature landscape,5,24.99,124.94999999999999,USD,US
ORD_000467,CUST_0019,2025-10-13,Photo collage,1,9.99,9.99,USD,DE
ORD_000468,CUST_0177,2025-11-15,Nature landscape,4,14.99,59.96,USD,US
ORD_000469,CUST_0100,2025-09-24,Typography print,3,14.99,44.97,USD,UK
ORD_000470,CUST_0233,2025-07-29,Minimalist poster,1,9.99,9.99,USD,US
ORD_000471,CUST_0076,2025-09-27,Photo collage,2,19.99,39.98,USD,US
ORD_000472,CUST_0265,2025-05-29,Vintage poster,1,9.99,9.99,USD,US
ORD_000473,CUST_0284,2025-10-19,Nature landscape,5,24.99,124.94999999999999,USD,UK
ORD_000474,CUST_0206,2025-06-04,Nature landscape,4,29.99,119.96,USD,US
ORD_000475,CUST_0223,2025-09-18,Typography print,4,19.99,79.96,USD,DE
ORD_000476,CUST_0052,2025-02-11,Line art print,1,49.99,49.99,USD,US
ORD_000477,CUST_0144,2025-03-05,Line art print,3,19.99,59.97,USD,US
ORD_000478,CUST_0069,2025-02-14,Cityscape print,2,19.99,39.98,USD,US
ORD_000479,CUST_0099,2025-09-06,Nature landscape,4,49.99,199.96,USD,CA
ORD_000480,CUST_0025,2026-01-14,Vintage poster,5,14.99,74.95,USD,AU
ORD_000481,CUST_0053,2025-11-02,Minimalist poster,5,39.99,199.95000000000002,USD,US
ORD_000482,CUST_0151,2025-02-01,Photo collage,3,9.99,29.97,USD,CA
ORD_000483,CUST_0144,2025-05-04,Nature landscape,4,19.99,79.96,USD,US
ORD_000484,CUST_0057,2025-09-21,Abstract canvas,1,9.99,9.99,USD,CA
ORD_000485,CUST_0039,2025-04-21,Photo collage,5,24.99,124.94999999999999,USD,AU
ORD_000486,CUST_0109,2025-11-18,Cityscape print,3,24.99,74.97,USD,US
ORD_000487,CUST_0181,2025-02-07,Line art print,4,24.99,99.96,USD,US
ORD_000488,CUST_0042,2025-12-24,Vintage poster,4,14.99,59.96,USD,DE
ORD_000489,CUST_0186,2025-01-26,Nature landscape,4,14.99,59.96,USD,AU
ORD_000490,CUST_0223,2025-11-13,Typography print,4,9.99,39.96,USD,US
ORD_000491,CUST_0122,2025-12-15,Abstract canvas,4,14.99,59.96,USD,US
ORD_000492,CUST_0133,2025-03-06,Nature landscape,5,39.99,199.95000000000002,USD,US
ORD_000493,CUST_0163,2025-12-08,Vintage poster,3,14.99,44.97,USD,US
ORD_000494,CUST_0215,2025-12-06,Cityscape print,4,29.99,119.96,USD,AU
ORD_000495,CUST_0221,2025-05-15,Minimalist poster,2,29.99,59.98,USD,CA
ORD_000496,CUST_0235,2025-02-07,Abstract canvas,2,14.99,29.98,USD,US
ORD_000497,CUST_0146,2025-09-12,Cityscape print,3,24.99,74.97,USD,US
ORD_000498,CUST_0239,2025-04-18,Nature landscape,1,9.99,9.99,USD,US
ORD_000499,CUST_0076,2025-06-03,Minimalist poster,1,9.99,9.99,USD,US
ORD_000500,CUST_0009,2025-09-12,Abstract canvas,1,9.99,9.99,USD,US
ORD_000501,CUST_0074,2025-12-16,Minimalist poster,2,19.99,39.98,USD,US
ORD_000502,CUST_0253,2025-06-18,Minimalist poster,1,19.99,19.99,USD,US
ORD_000503,CUST_0230,2026-01-04,Abstract canvas,5,19.99,99.94999999999999,USD,US
ORD_000504,CUST_0007,2025-02-21,Abstract canvas,4,19.99,79.96,USD,US
ORD_000505,CUST_0174,2025-03-31,Minimalist poster,2,14.99,29.98,USD,US
ORD_000506,CUST_0141,2025-07-06,Cityscape print,3,24.99,74.97,USD,US
ORD_000507,CUST_0168,2025-09-10,Vintage poster,3,29.99,89.97,USD,US
ORD_000508,CUST_0170,2025-10-12,Line art print,4,9.99,39.96,USD,US
ORD_000509,CUST_0283,2025-07-07,Abstract canvas,2,14.99,29.98,USD,US
ORD_000510,CUST_0122,2025-11-21,Nature landscape,1,24.99,24.99,USD,US
ORD_000511,CUST_0194,2025-11-23,Photo collage,1,14.99,14.99,USD,UK
ORD_000512,CUST_0005,2025-11-07,Typography print,5,24.99,124.94999999999999,USD,DE
ORD_000513,CUST_0029,2025-02-03,Minimalist poster,5,14.99,74.95,USD,UK
ORD_000514,CUST_0165,2025-08-07,Minimalist poster,1,14.99,14.99,USD,US
ORD_000515,CUST_0136,2025-05-22,Typography print,3,9.99,29.97,USD,AU
ORD_000516,CUST_0145,2025-10-21,Line art print,3,14.99,44.97,USD,CA
ORD_000517,CUST_0217,2025-04-14,Typography print,5,24.99,124.94999999999999,USD,US
ORD_000518,CUST_0132,2025-04-27,Abstract canvas,4,19.99,79.96,USD,US
ORD_000519,CUST_0292,2025-10-17,Typography print,1,29.99,29.99,USD,AU
ORD_000520,CUST_0070,2025-12-22,Minimalist poster,5,39.99,199.95000000000002,USD,US
ORD_000521,CUST_0252,2026-01-09,Typography print,5,19.99,99.94999999999999,USD,US
ORD_000522,CUST_0275,2026-01-20,Photo collage,1,29.99,29.99,USD,UK
ORD_000523,CUST_0182,2025-10-08,Nature landscape,1,14.99,14.99,USD,AU
ORD_000524,CUST_0167,2025-06-06,Abstract canvas,3,19.99,59.97,USD,US
ORD_000525,CUST_0091,2025-10-27,Typography print,4,24.99,99.96,USD,US
ORD_000526,CUST_0202,2025-10-15,Minimalist poster,4,14.99,59.96,USD,US
ORD_000527,CUST_0019,2025-07-14,Cityscape print,1,19.99,19.99,USD,UK
ORD_000528,CUST_0039,2025-01-25,Nature landscape,2,9.99,19.98,USD,US
ORD_000529,CUST_0126,2025-12-03,Abstract canvas,5,19.99,99.94999999999999,USD,US
ORD_000530,CUST_0173,2025-03-29,Minimalist poster,5,39.99,199.95000000000002,USD,AU
ORD_000531,CUST_0141,2025-11-04,Line art print,1,39.99,39.99,USD,US
ORD_000532,CUST_0242,2025-05-25,Photo collage,2,24.99,49.98,USD,CA
ORD_000533,CUST_0220,2025-05-11,Vintage poster,3,24.99,74.97,USD,US
ORD_000534,CUST_0126,2025-07-18,Line art print,1,19.99,19.99,USD,US
ORD_000535,CUST_0058,2025-08-16,Vintage poster,1,19.99,19.99,USD,CA
ORD_000536,CUST_0148,2025-07-08,Photo collage,5,9.99,49.95,USD,US
ORD_000537,CUST_0001,2025-11-25,Typography print,1,19.99,19.99,USD,US
ORD_000538,CUST_0190,2025-05-24,Abstract canvas,1,19.99,19.99,USD,US
ORD_000539,CUST_0191,2025-03-09,Typography print,1,49.99,49.99,USD,CA
ORD_000540,CUST_0117,2025-12-02,Photo collage,5,19.99,99.94999999999999,USD,DE
ORD_000541,CUST_0134,2025-06-29,Photo collage,3,19.99,59.97,USD,DE
ORD_000542,CUST_0058,2025-08-19,Photo collage,3,19.99,59.97,USD,US
ORD_000543,CUST_0044,2025-05-12,Vintage poster,1,24.99,24.99,USD,US
ORD_000544,CUST_0173,2025-10-02,Nature landscape,5,24.99,124.94999999999999,USD,US
ORD_000545,CUST_0160,2025-12-24,Minimalist poster,3,14.99,44.97,USD,AU
ORD_000546,CUST_0173,2025-06-03,Abstract canvas,3,19.99,59.97,USD,US
ORD_000547,CUST_0149,2025-11-13,Typography print,3,29.99,89.97,USD,DE
ORD_000548,CUST_0080,2025-02-13,Typography print,5,19.99,99.94999999999999,USD,US
ORD_000549,CUST_0213,2025-11-02,Line art print,5,14.99,74.95,USD,DE
ORD_000550,CUST_0203,2025-11-05,Vintage poster,1,24.99,24.99,USD,AU
ORD_000551,CUST_0252,2025-01-25,Photo collage,4,29.99,119.96,USD,AU
ORD_000552,CUST_0229,2025-05-23,Cityscape print,3,9.99,29.97,USD,US
ORD_000553,CUST_0164,2025-02-28,Photo collage,4,29.99,119.96,USD,US
ORD_000554,CUST_0227,2025-08-10,Photo collage,5,29.99,149.95,USD,US
ORD_000555,CUST_0147,2025-09-26,Cityscape print,5,19.99,99.94999999999999,USD,US
ORD_000556,CUST_0020,2025-03-24,Typography print,5,49.99,249.95000000000002,USD,US
ORD_000557,CUST_0047,2025-12-15,Line art print,4,29.99,119.96,USD,US
ORD_000558,CUST_0233,2025-07-04,Minimalist poster,5,29.99,149.95,USD,US
ORD_000559,CUST_0014,2025-07-22,Cityscape print,1,24.99,24.99,USD,CA
ORD_000560,CUST_0143,2025-08-18,Vintage poster,5,9.99,49.95,USD,CA
ORD_000561,CUST_0001,2025-02-05,Nature landscape,2,14.99,29.98,USD,US
ORD_000562,CUST_0054,2025-10-27,Abstract canvas,4,19.99,79.96,USD,DE
ORD_000563,CUST_0259,2025-07-24,Vintage poster,2,14.99,29.98,USD,US
ORD_000564,CUST_0144,2025-09-23,Cityscape print,5,19.99,99.94999999999999,USD,US
ORD_000565,CUST_0012,2025-08-28,Minimalist poster,1,39.99,39.99,USD,US
ORD_000566,CUST_0224,2025-10-02,Typography print,3,29.99,89.97,USD,AU
ORD_000567,CUST_0272,2025-11-19,Nature landscape,5,24.99,124.94999999999999,USD,US
ORD_000568,CUST_0156,2025-05-30,Nature landscape,1,39.99,39.99,USD,US
ORD_000569,CUST_0008,2025-08-29,Nature landscape,4,29.99,119.96,USD,CA
ORD_000570,CUST_0122,2025-11-26,Photo collage,2,19.99,39.98,USD,US
ORD_000571,CUST_0164,2025-11-05,Abstract canvas,2,14.99,29.98,USD,CA
ORD_000572,CUST_0090,2025-07-28,Typography print,2,19.99,39.98,USD,DE
ORD_000573,CUST_0136,2025-03-04,Typography print,4,24.99,99.96,USD,DE
ORD_000574,CUST_0186,2025-09-04,Nature landscape,1,19.99,19.99,USD,US
ORD_000575,CUST_0178,2025-07-27,Typography print,4,24.99,99.96,USD,US
ORD_000576,CUST_0028,2025-07-21,Abstract canvas,2,9.99,19.98,USD,US
ORD_000577,CUST_0220,2025-11-14,Abstract canvas,5,24.99,124.94999999999999,USD,US
ORD_000578,CUST_0041,2025-12-30,Line art print,3,29.99,89.97,USD,US
ORD_000579,CUST_0228,2025-06-24,Cityscape print,4,24.99,99.96,USD,US
ORD_000580,CUST_0192,2025-05-30,Cityscape print,4,49.99,199.96,USD,DE
ORD_000581,CUST_0145,2025-11-21,Line art print,1,29.99,29.99,USD,DE
ORD_000582,CUST_0201,2025-11-28,Minimalist poster,1,39.99,39.99,USD,US
ORD_000583,CUST_0212,2025-12-26,Cityscape print,4,39.99,159.96,USD,US
ORD_000584,CUST_0220,2025-09-15,Abstract canvas,2,29.99,59.98,USD,US
ORD_000585,CUST_0240,2025-02-01,Abstract canvas,3,24.99,74.97,USD,US
ORD_000586,CUST_0046,2025-12-31,Cityscape print,1,9.99,9.99,USD,CA
ORD_000587,CUST_0035,2025-06-02,Abstract canvas,2,19.99,39.98,USD,CA
ORD_000588,CUST_0253,2025-10-15,Line art print,5,19.99,99.94999999999999,USD,AU
ORD_000589,CUST_0082,2025-06-30,Nature landscape,1,14.99,14.99,USD,UK
ORD_000590,CUST_0256,2026-01-11,Nature landscape,2,14.99,29.98,USD,US
ORD_000591,CUST_0197,2026-01-17,Typography print,2,49.99,99.98,USD,CA
ORD_000592,CUST_0010,2025-01-29,Vintage poster,3,39.99,119.97,USD,US
ORD_000593,CUST_0286,2025-04-20,Vintage poster,3,29.99,89.97,USD,US
ORD_000594,CUST_0242,2025-07-18,Nature landscape,5,19.99,99.94999999999999,USD,US
ORD_000595,CUST_0251,2025-11-10,Photo collage,2,9.99,19.98,USD,US
ORD_000596,CUST_0005,2025-08-05,Line art print,2,9.99,19.98,USD,US
ORD_000597,CUST_0119,2025-12-01,Abstract canvas,3,14.99,44.97,USD,US
ORD_000598,CUST_0289,2025-05-23,Cityscape print,1,9.99,9.99,USD,DE
ORD_000599,CUST_0065,2025-08-30,Nature landscape,1,9.99,9.99,USD,US
ORD_000600,CUST_0146,2025-05-18,Line art print,4,39.99,159.96,USD,US
ORD_000601,CUST_0224,2025-06-18,Nature landscape,3,24.99,74.97,USD,US
ORD_000602,CUST_0239,2025-02-19,Minimalist poster,4,14.99,59.96,USD,CA
ORD_000603,CUST_0177,2025-06-09,Abstract canvas,3,9.99,29.97,USD,US
ORD_000604,CUST_0267,2025-11-23,Minimalist poster,5,19.99,99.94999999999999,USD,DE
ORD_000605,CUST_0282,2025-09-13,Abstract canvas,2,9.99,19.98,USD,AU
ORD_000606,CUST_0063,2025-04-10,Line art print,5,39.99,199.95000000000002,USD,US
ORD_000607,CUST_0217,2025-12-18,Typography print,3,19.99,59.97,USD,CA
ORD_000608,CUST_0283,2026-01-04,Nature landscape,2,19.99,39.98,USD,US
ORD_000609,CUST_0177,2025-11-22,Nature landscape,1,14.99,14.99,USD,US
ORD_000610,CUST_0098,2025-11-09,Photo collage,1,9.99,9.99,USD,UK
ORD_000611,CUST_0105,2025-01-25,Cityscape print,4,24.99,99.96,USD,US
ORD_000612,CUST_0099,2025-06-20,Minimalist poster,3,24.99,74.97,USD,US
ORD_000613,CUST_0006,2025-11-07,Nature landscape,3,24.99,74.97,USD,US
ORD_000614,CUST_0197,2025-06-15,Line art print,1,9.99,9.99,USD,US
ORD_000615,CUST_0133,2025-03-18,Typography print,5,19.99,99.94999999999999,USD,DE
ORD_000616,CUST_0259,2025-11-24,Cityscape print,2,19.99,39.98,USD,US
ORD_000617,CUST_0023,2025-04-03,Line art print,5,39.99,199.95000000000002,USD,UK
ORD_000618,CUST_0053,2026-01-20,Minimalist poster,5,14.99,74.95,USD,US
ORD_000619,CUST_0165,2025-04-24,Photo collage,1,14.99,14.99,USD,UK
ORD_000620,CUST_0202,2025-09-01,Nature landscape,1,24.99,24.99,USD,US
ORD_000621,CUST_0083,2025-08-04,Line art print,1,24.99,24.99,USD,US
ORD_000622,CUST_0145,2025-03-28,Cityscape print,4,19.99,79.96,USD,AU
ORD_000623,CUST_0085,2025-04-07,Abstract canvas,5,19.99,99.94999999999999,USD,US
ORD_000624,CUST_0078,2025-07-04,Typography print,3,19.99,59.97,USD,US
ORD_000625,CUST_0001,2025-07-12,Cityscape print,2,39.99,79.98,USD,US
ORD_000626,CUST_0051,2025-04-23,Line art print,4,19.99,79.96,USD,UK
ORD_000627,CUST_0173,2025-07-19,Typography print,3,39.99,119.97,USD,US
ORD_000628,CUST_0205,2025-10-20,Nature landscape,5,19.99,99.94999999999999,USD,DE
ORD_000629,CUST_0260,2025-04-07,Abstract canvas,1,39.99,39.99,USD,US
ORD_000630,CUST_0288,2025-09-26,Photo collage,5,29.99,149.95,USD,US
ORD_000631,CUST_0034,2025-04-11,Cityscape print,2,14.99,29.98,USD,UK
ORD_000632,CUST_0095,2025-07-02,Photo collage,4,39.99,159.96,USD,CA
ORD_000633,CUST_0072,2025-12-14,Abstract canvas,4,9.99,39.96,USD,AU
ORD_000634,CUST_0039,2025-05-02,Typography print,2,39.99,79.98,USD,DE
ORD_000635,CUST_0154,2025-05-06,Nature landscape,3,24.99,74.97,USD,US
ORD_000636,CUST_0250,2025-06-05,Line art print,3,9.99,29.97,USD,US
ORD_000637,CUST_0162,2025-05-06,Abstract canvas,4,24.99,99.96,USD,US
ORD_000638,CUST_0118,2025-02-12,Minimalist poster,4,49.99,199.96,USD,UK
ORD_000639,CUST_0259,2025-04-16,Typography print,1,9.99,9.99,USD,AU
ORD_000640,CUST_0268,2025-10-30,Photo collage,3,19.99,59.97,USD,US
ORD_000641,CUST_0054,2025-12-29,Cityscape print,2,24.99,49.98,USD,US
ORD_000642,CUST_0236,2026-01-24,Abstract canvas,3,29.99,89.97,USD,US
ORD_000643,CUST_0222,2025-12-21,Photo collage,1,19.99,19.99,USD,AU
ORD_000644,CUST_0251,2025-06-02,Typography print,4,14.99,59.96,USD,US
ORD_000645,CUST_0112,2026-01-03,Photo collage,4,9.99,39.96,USD,US
ORD_000646,CUST_0255,2025-11-30,Abstract canvas,1,19.99,19.99,USD,US
ORD_000647,CUST_0207,2025-04-23,Typography print,2,19.99,39.98,USD,AU
ORD_000648,CUST_0229,2025-08-25,Minimalist poster,4,39.99,159.96,USD,CA
ORD_000649,CUST_0066,2025-06-16,Abstract canvas,5,9.99,49.95,USD,CA
ORD_000650,CUST_0075,2025-03-30,Line art print,4,24.99,99.96,USD,US
ORD_000651,CUST_0103,2025-04-10,Vintage poster,5,9.99,49.95,USD,US
ORD_000652,CUST_0192,2025-08-11,Nature landscape,1,9.99,9.99,USD,UK
ORD_000653,CUST_0252,2025-06-16,Abstract canvas,1,19.99,19.99,USD,DE
ORD_000654,CUST_0226,2025-12-06,Typography print,4,19.99,79.96,USD,US
ORD_000655,CUST_0294,2025-04-27,Cityscape print,3,24.99,74.97,USD,US
ORD_000656,CUST_0098,2025-11-25,Nature landscape,5,39.99,199.95000000000002,USD,US
ORD_000657,CUST_0286,2025-09-05,Abstract canvas,2,24.99,49.98,USD,US
ORD_000658,CUST_0249,2025-11-11,Minimalist poster,4,49.99,199.96,USD,AU
ORD_000659,CUST_0166,2025-05-06,Cityscape print,2,39.99,79.98,USD,US
ORD_000660,CUST_0030,2025-10-18,Minimalist poster,4,19.99,79.96,USD,US
ORD_000661,CUST_0247,2026-01-14,Line art print,3,29.99,89.97,USD,US
ORD_000662,CUST_0106,2025-05-14,Cityscape print,3,24.99,74.97,USD,US
ORD_000663,CUST_0051,2025-12-20,Photo collage,3,9.99,29.97,USD,US
ORD_000664,CUST_0081,2025-10-16,Vintage poster,3,24.99,74.97,USD,US
ORD_000665,CUST_0133,2025-01-27,Cityscape print,1,9.99,9.99,USD,US
ORD_000666,CUST_0285,2025-04-19,Nature landscape,1,19.99,19.99,USD,UK
ORD_000667,CUST_0138,2025-11-02,Cityscape print,5,24.99,124.94999999999999,USD,US
ORD_000668,CUST_0184,2025-12-18,Typography print,2,9.99,19.98,USD,US
ORD_000669,CUST_0273,2025-11-24,Vintage poster,4,14.99,59.96,USD,DE
ORD_000670,CUST_0069,2025-05-21,Typography print,4,39.99,159.96,USD,CA
ORD_000671,CUST_0034,2025-09-02,Photo collage,1,24.99,24.99,USD,UK
ORD_000672,CUST_0262,2025-06-27,Cityscape print,4,14.99,59.96,USD,US
ORD_000673,CUST_0053,2025-06-26,Minimalist poster,1,24.99,24.99,USD,US
ORD_000674,CUST_0205,2025-02-05,Minimalist poster,5,19.99,99.94999999999999,USD,US
ORD_000675,CUST_0126,2025-06-06,Abstract canvas,2,19.99,39.98,USD,US
ORD_000676,CUST_0235,2025-11-24,Line art print,5,49.99,249.95000000000002,USD,US
ORD_000677,CUST_0043,2025-11-13,Nature landscape,3,24.99,74.97,USD,DE
ORD_000678,CUST_0240,2025-11-20,Vintage poster,3,14.99,44.97,USD,US
ORD_000679,CUST_0111,2025-09-09,Line art print,3,29.99,89.97,USD,US
ORD_000680,CUST_0249,2025-10-22,Cityscape print,5,39.99,199.95000000000002,USD,US
ORD_000681,CUST_0151,2025-03-08,Line art print,4,9.99,39.96,USD,US
ORD_000682,CUST_0183,2026-01-02,Abstract canvas,2,14.99,29.98,USD,CA
ORD_000683,CUST_0095,2025-12-16,Line art print,3,14.99,44.97,USD,US
ORD_000684,CUST_0008,2025-11-22,Vintage poster,3,24.99,74.97,USD,UK
ORD_000685,CUST_0184,2026-01-23,Photo collage,3,24.99,74.97,USD,DE
ORD_000686,CUST_0281,2025-02-14,Abstract canvas,2,24.99,49.98,USD,US
ORD_000687,CUST_0195,2025-05-11,Photo collage,3,39.99,119.97,USD,US
ORD_000688,CUST_0195,2025-12-26,Cityscape print,2,29.99,59.98,USD,DE
ORD_000689,CUST_0155,2025-11-23,Abstract canvas,3,9.99,29.97,USD,UK
ORD_000690,CUST_0093,2025-05-21,Cityscape print,5,14.99,74.95,USD,US
ORD_000691,CUST_0160,2025-05-28,Cityscape print,5,19.99,99.94999999999999,USD,DE
ORD_000692,CUST_0061,2025-11-01,Line art print,2,14.99,29.98,USD,US
ORD_000693,CUST_0122,2025-11-12,Photo collage,5,24.99,124.94999999999999,USD,DE
ORD_000694,CUST_0051,2025-08-15,Cityscape print,2,39.99,79.98,USD,US
ORD_000695,CUST_0277,2025-03-16,Photo collage,5,14.99,74.95,USD,US
ORD_000696,CUST_0005,2025-10-22,Photo collage,5,19.99,99.94999999999999,USD,AU
ORD_000697,CUST_0092,2025-12-14,Abstract canvas,2,29.99,59.98,USD,US
ORD_000698,CUST_0170,2025-10-28,Typography print,4,19.99,79.96,USD,US
ORD_000699,CUST_0022,2025-06-14,Line art print,5,9.99,49.95,USD,US
ORD_000700,CUST_0001,2025-10-26,Cityscape print,3,19.99,59.97,USD,DE
ORD_000701,CUST_0133,2025-11-10,Photo collage,4,9.99,39.96,USD,AU
ORD_000702,CUST_0233,2025-12-24,Nature landscape,2,39.99,79.98,USD,UK
ORD_000703,CUST_0012,2025-03-17,Typography print,4,9.99,39.96,USD,US
ORD_000704,CUST_0046,2025-02-20,Cityscape print,1,19.99,19.99,USD,AU
ORD_000705,CUST_0034,2025-06-30,Nature landscape,1,19.99,19.99,USD,US
ORD_000706,CUST_0078,2025-09-20,Line art print,5,49.99,249.95000000000002,USD,US
ORD_000707,CUST_0218,2025-06-29,Line art print,5,9.99,49.95,USD,UK
ORD_000708,CUST_0073,2025-11-11,Photo collage,3,9.99,29.97,USD,US
ORD_000709,CUST_0282,2025-06-09,Photo collage,4,9.99,39.96,USD,US
ORD_000710,CUST_0249,2025-06-17,Vintage poster,1,9.99,9.99,USD,US
ORD_000711,CUST_0047,2025-05-10,Vintage poster,5,14.99,74.95,USD,US
ORD_000712,CUST_0121,2025-07-01,Cityscape print,4,24.99,99.96,USD,AU
ORD_000713,CUST_0214,2025-06-19,Abstract canvas,5,14.99,74.95,USD,US
ORD_000714,CUST_0239,2025-01-26,Typography print,5,9.99,49.95,USD,UK
ORD_000715,CUST_0056,2025-04-11,Cityscape print,1,29.99,29.99,USD,US
ORD_000716,CUST_0107,2025-06-05,Typography print,1,14.99,14.99,USD,US
ORD_000717,CUST_0048,2025-04-24,Photo collage,5,14.99,74.95,USD,US
ORD_000718,CUST_0061,2026-01-04,Line art print,2,14.99,29.98,USD,UK
ORD_000719,CUST_0026,2026-01-09,Photo collage,5,49.99,249.95000000000002,USD,CA
ORD_000720,CUST_0292,2025-10-14,Line art print,5,9.99,49.95,USD,DE
ORD_000721,CUST_0257,2026-01-10,Vintage poster,3,39.99,119.97,USD,CA
ORD_000722,CUST_0008,2025-05-12,Cityscape print,3,29.99,89.97,USD,US
ORD_000723,CUST_0113,2025-04-08,Vintage poster,3,9.99,29.97,USD,CA
ORD_000724,CUST_0253,2025-03-04,Line art print,2,49.99,99.98,USD,DE
ORD_000725,CUST_0180,2025-07-02,Photo collage,2,14.99,29.98,USD,UK
ORD_000726,CUST_0207,2025-04-05,Vintage poster,5,9.99,49.95,USD,US
ORD_000727,CUST_0127,2025-12-02,Minimalist poster,3,29.99,89.97,USD,US
ORD_000728,CUST_0056,2025-09-22,Typography print,2,24.99,49.98,USD,CA
ORD_000729,CUST_0214,2025-11-18,Nature landscape,1,24.99,24.99,USD,UK
ORD_000730,CUST_0014,2025-03-01,Line art print,5,9.99,49.95,USD,US
ORD_000731,CUST_0028,2025-04-18,Line art print,4,19.99,79.96,USD,AU
ORD_000732,CUST_0078,2025-10-14,Minimalist poster,5,29.99,149.95,USD,DE
ORD_000733,CUST_0216,2025-11-30,Cityscape print,4,14.99,59.96,USD,US
ORD_000734,CUST_0154,2025-07-15,Cityscape print,3,14.99,44.97,USD,AU
ORD_000735,CUST_0014,2025-07-16,Cityscape print,4,9.99,39.96,USD,US
ORD_000736,CUST_0187,2026-01-21,Nature landscape,3,9.99,29.97,USD,US
ORD_000737,CUST_0007,2025-03-12,Abstract canvas,1,39.99,39.99,USD,US
ORD_000738,CUST_0003,2025-06-14,Minimalist poster,4,19.99,79.96,USD,US
ORD_000739,CUST_0111,2025-05-22,Nature landscape,5,49.99,249.95000000000002,USD,AU
ORD_000740,CUST_0238,2025-10-28,Vintage poster,3,14.99,44.97,USD,US
ORD_000741,CUST_0239,2025-08-26,Minimalist poster,5,24.99,124.94999999999999,USD,US
ORD_000742,CUST_0274,2025-09-01,Line art print,2,14.99,29.98,USD,US
ORD_000743,CUST_0294,2025-02-19,Typography print,3,14.99,44.97,USD,US
ORD_000744,CUST_0227,2025-02-02,Minimalist poster,4,9.99,39.96,USD,US
ORD_000745,CUST_0015,2025-10-22,Abstract canvas,3,14.99,44.97,USD,CA
ORD_000746,CUST_0192,2025-02-03,Photo collage,5,19.99,99.94999999999999,USD,US
ORD_000747,CUST_0119,2025-05-25,Vintage poster,1,49.99,49.99,USD,AU
ORD_000748,CUST_0028,2025-05-29,Nature landscape,3,24.99,74.97,USD,AU
ORD_000749,CUST_0202,2025-07-13,Vintage poster,4,9.99,39.96,USD,US
ORD_000750,CUST_0039,2025-04-06,Vintage poster,2,9.99,19.98,USD,AU
ORD_000751,CUST_0273,2025-06-25,Minimalist poster,1,9.99,9.99,USD,US
ORD_000752,CUST_0231,2025-08-20,Minimalist poster,2,19.99,39.98,USD,US
ORD_000753,CUST_0086,2025-03-14,Abstract canvas,3,29.99,89.97,USD,US
ORD_000754,CUST_0126,2025-06-27,Typography print,5,39.99,199.95000000000002,USD,US
ORD_000755,CUST_0300,2026-01-06,Minimalist poster,5,9.99,49.95,USD,US
ORD_000756,CUST_0025,2025-11-13,Minimalist poster,4,19.99,79.96,USD,UK
ORD_000757,CUST_0145,2025-04-02,Typography print,5,19.99,99.94999999999999,USD,US
ORD_000758,CUST_0013,2025-03-15,Abstract canvas,1,24.99,24.99,USD,UK
ORD_000759,CUST_0212,2025-06-25,Nature landscape,5,19.99,99.94999999999999,USD,US
ORD_000760,CUST_0025,2025-02-12,Vintage poster,4,24.99,99.96,USD,UK
ORD_000761,CUST_0068,2025-05-04,Nature landscape,3,24.99,74.97,USD,US
ORD_000762,CUST_0067,2025-03-25,Minimalist poster,3,9.99,29.97,USD,US
ORD_000763,CUST_0233,2025-07-10,Typography print,5,29.99,149.95,USD,US
ORD_000764,CUST_0109,2025-08-14,Minimalist poster,2,9.99,19.98,USD,US
ORD_000765,CUST_0146,2026-01-04,Cityscape print,3,24.99,74.97,USD,US
ORD_000766,CUST_0111,2025-06-19,Photo collage,5,19.99,99.94999999999999,USD,AU
ORD_000767,CUST_0228,2025-07-07,Nature landscape,4,19.99,79.96,USD,US
ORD_000768,CUST_0111,2025-09-23,Cityscape print,5,39.99,199.95000000000002,USD,UK
ORD_000769,CUST_0034,2025-04-03,Line art print,3,39.99,119.97,USD,CA
ORD_000770,CUST_0111,2025-07-18,Photo collage,4,29.99,119.96,USD,AU
ORD_000771,CUST_0264,2025-03-14,Minimalist poster,5,19.99,99.94999999999999,USD,US
ORD_000772,CUST_0236,2025-05-12,Abstract canvas,1,24.99,24.99,USD,US
ORD_000773,CUST_0083,2025-09-07,Nature landscape,4,19.99,79.96,USD,DE
ORD_000774,CUST_0042,2025-07-04,Line art print,1,39.99,39.99,USD,CA
ORD_000775,CUST_0101,2025-05-23,Photo collage,2,19.99,39.98,USD,US
ORD_000776,CUST_0006,2025-06-22,Nature landscape,4,49.99,199.96,USD,US
ORD_000777,CUST_0180,2025-06-23,Typography print,1,39.99,39.99,USD,US
ORD_000778,CUST_0282,2025-11-13,Abstract canvas,3,24.99,74.97,USD,US
ORD_000779,CUST_0226,2025-06-16,Photo collage,3,14.99,44.97,USD,UK
ORD_000780,CUST_0229,2025-07-03,Typography print,2,9.99,19.98,USD,US
ORD_000781,CUST_0289,2025-02-04,Cityscape print,4,39.99,159.96,USD,US
ORD_000782,CUST_0150,2025-06-11,Minimalist poster,4,9.99,39.96,USD,US
ORD_000783,CUST_0277,2025-04-12,Typography print,4,39.99,159.96,USD,US
ORD_000784,CUST_0198,2025-04-11,Photo collage,2,19.99,39.98,USD,CA
ORD_000785,CUST_0070,2025-10-05,Vintage poster,4,19.99,79.96,USD,AU
ORD_000786,CUST_0112,2025-10-09,Photo collage,3,39.99,119.97,USD,US
ORD_000787,CUST_0004,2025-12-10,Vintage poster,1,24.99,24.99,USD,AU
ORD_000788,CUST_0095,2025-11-11,Cityscape print,3,19.99,59.97,USD,US
ORD_000789,CUST_0152,2025-10-14,Minimalist poster,3,19.99,59.97,USD,US
ORD_000790,CUST_0137,2025-04-19,Vintage poster,1,14.99,14.99,USD,US
ORD_000791,CUST_0247,2025-06-19,Vintage poster,3,29.99,89.97,USD,US
ORD_000792,CUST_0243,2025-12-13,Typography print,2,14.99,29.98,USD,US
ORD_000793,CUST_0031,2025-03-07,Typography print,1,39.99,39.99,USD,US
ORD_000794,CUST_0040,2025-05-29,Minimalist poster,3,39.99,119.97,USD,AU
ORD_000795,CUST_0229,2025-07-10,Typography print,5,14.99,74.95,USD,US
ORD_000796,CUST_0036,2025-09-22,Nature landscape,3,24.99,74.97,USD,UK
ORD_000797,CUST_0223,2025-10-31,Minimalist poster,2,19.99,39.98,USD,US
ORD_000798,CUST_0006,2025-07-31,Abstract canvas,4,14.99,59.96,USD,DE
ORD_000799,CUST_0220,2025-11-22,Vintage poster,3,49.99,149.97,USD,UK
ORD_000800,CUST_0075,2025-02-12,Photo collage,4,9.99,39.96,USD,US
ORD_000801,CUST_0004,2025-04-02,Abstract canvas,5,14.99,74.95,USD,UK
ORD_000802,CUST_0134,2025-08-30,Vintage poster,3,19.99,59.97,USD,US
ORD_000803,CUST_0118,2025-05-06,Nature landscape,1,19.99,19.99,USD,UK
ORD_000804,CUST_0094,2025-03-07,Vintage poster,4,19.99,79.96,USD,US
ORD_000805,CUST_0062,2025-11-08,Vintage poster,5,29.99,149.95,USD,CA
ORD_000806,CUST_0194,2025-07-10,Vintage poster,1,24.99,24.99,USD,UK
ORD_000807,CUST_0203,2025-05-13,Cityscape print,1,24.99,24.99,USD,US
ORD_000808,CUST_0026,2025-03-01,Nature landscape,1,9.99,9.99,USD,US
ORD_000809,CUST_0173,2025-09-13,Line art print,1,14.99,14.99,USD,AU
ORD_000810,CUST_0300,2025-09-10,Line art print,3,14.99,44.97,USD,US
ORD_000811,CUST_0133,2026-01-12,Line art print,3,14.99,44.97,USD,US
ORD_000812,CUST_0118,2025-07-07,Minimalist poster,3,19.99,59.97,USD,US
ORD_000813,CUST_0275,2025-04-07,Typography print,5,9.99,49.95,USD,US
ORD_000814,CUST_0212,2025-06-09,Nature landscape,5,14.99,74.95,USD,DE
ORD_000815,CUST_0225,2026-01-12,Abstract canvas,5,14.99,74.95,USD,US
ORD_000816,CUST_0020,2025-04-04,Cityscape print,2,39.99,79.98,USD,US
ORD_000817,CUST_0113,2025-08-08,Abstract canvas,5,39.99,199.95000000000002,USD,CA
ORD_000818,CUST_0140,2025-10-20,Abstract canvas,3,24.99,74.97,USD,AU
ORD_000819,CUST_0047,2025-03-14,Abstract canvas,3,39.99,119.97,USD,US
ORD_000820,CUST_0001,2025-12-06,Cityscape print,2,29.99,59.98,USD,US
ORD_000821,CUST_0090,2025-06-03,Line art print,2,19.99,39.98,USD,DE
ORD_000822,CUST_0142,2025-01-29,Abstract canvas,5,9.99,49.95,USD,CA
ORD_000823,CUST_0038,2025-02-20,Cityscape print,4,29.99,119.96,USD,US
ORD_000824,CUST_0293,2025-07-03,Cityscape print,2,24.99,49.98,USD,US
ORD_000825,CUST_0139,2025-06-22,Typography print,1,24.99,24.99,USD,US
ORD_000826,CUST_0259,2025-10-15,Cityscape print,3,29.99,89.97,USD,US
ORD_000827,CUST_0161,2025-09-11,Line art print,1,19.99,19.99,USD,US
ORD_000828,CUST_0178,2025-08-12,Abstract canvas,3,24.99,74.97,USD,AU
ORD_000829,CUST_0010,2025-03-15,Cityscape print,3,39.99,119.97,USD,US
ORD_000830,CUST_0261,2025-04-01,Minimalist poster,2,14.99,29.98,USD,UK
ORD_000831,CUST_0138,2025-11-20,Cityscape print,2,24.99,49.98,USD,US
ORD_000832,CUST_0172,2025-03-23,Photo collage,1,19.99,19.99,USD,UK
ORD_000833,CUST_0013,2025-10-10,Photo collage,3,24.99,74.97,USD,UK
ORD_000834,CUST_0168,2026-01-01,Photo collage,1,29.99,29.99,USD,US
ORD_000835,CUST_0130,2025-12-16,Cityscape print,4,9.99,39.96,USD,US
ORD_000836,CUST_0084,2025-06-03,Line art print,1,24.99,24.99,USD,US
ORD_000837,CUST_0101,2025-08-27,Abstract canvas,5,14.99,74.95,USD,AU
ORD_000838,CUST_0273,2025-07-15,Nature landscape,1,24.99,24.99,USD,AU
ORD_000839,CUST_0265,2025-10-09,Nature landscape,5,19.99,99.94999999999999,USD,US
ORD_000840,CUST_0038,2025-05-06,Nature landscape,5,29.99,149.95,USD,US
ORD_000841,CUST_0094,2025-08-21,Line art print,5,9.99,49.95,USD,US
ORD_000842,CUST_0095,2025-11-11,Typography print,4,24.99,99.96,USD,UK
ORD_000843,CUST_0069,2026-01-13,Vintage poster,1,14.99,14.99,USD,US
ORD_000844,CUST_0236,2025-11-06,Minimalist poster,1,39.99,39.99,USD,US
ORD_000845,CUST_0137,2025-05-20,Minimalist poster,4,39.99,159.96,USD,US
ORD_000846,CUST_0076,2025-10-15,Photo collage,3,49.99,149.97,USD,US
ORD_000847,CUST_0035,2025-06-23,Photo collage,2,29.99,59.98,USD,UK
ORD_000848,CUST_0001,2025-11-20,Cityscape print,1,29.99,29.99,USD,US
ORD_000849,CUST_0296,2025-03-01,Nature landscape,2,14.99,29.98,USD,CA
ORD_000850,CUST_0060,2025-12-23,Cityscape print,4,14.99,59.96,USD,US
ORD_000851,CUST_0267,2025-11-07,Vintage poster,3,19.99,59.97,USD,US
ORD_000852,CUST_0229,2025-11-23,Nature landscape,3,29.99,89.97,USD,CA
ORD_000853,CUST_0270,2025-12-01,Photo collage,3,39.99,119.97,USD,DE
ORD_000854,CUST_0286,2025-08-20,Abstract canvas,4,9.99,39.96,USD,UK
ORD_000855,CUST_0291,2025-05-10,Typography print,5,39.99,199.95000000000002,USD,US
ORD_000856,CUST_0213,2025-07-01,Cityscape print,5,24.99,124.94999999999999,USD,US
ORD_000857,CUST_0165,2025-05-25,Typography print,2,24.99,49.98,USD,AU
ORD_000858,CUST_0005,2025-03-20,Typography print,5,9.99,49.95,USD,US
ORD_000859,CUST_0078,2025-02-05,Typography print,5,9.99,49.95,USD,US
ORD_000860,CUST_0062,2025-06-18,Photo collage,3,19.99,59.97,USD,AU
ORD_000861,CUST_0132,2025-06-09,Minimalist poster,3,24.99,74.97,USD,AU
ORD_000862,CUST_0089,2025-01-27,Photo collage,2,14.99,29.98,USD,DE
ORD_000863,CUST_0237,2025-06-17,Typography print,1,19.99,19.99,USD,DE
ORD_000864,CUST_0042,2025-02-23,Photo collage,2,39.99,79.98,USD,AU
ORD_000865,CUST_0089,2025-09-18,Typography print,2,29.99,59.98,USD,US
ORD_000866,CUST_0296,2025-10-30,Line art print,4,39.99,159.96,USD,US
ORD_000867,CUST_0295,2026-01-07,Nature landscape,4,14.99,59.96,USD,US
ORD_000868,CUST_0104,2025-05-19,Minimalist poster,2,14.99,29.98,USD,US
ORD_000869,CUST_0014,2025-05-08,Line art print,2,24.99,49.98,USD,US
ORD_000870,CUST_0288,2025-05-22,Abstract canvas,2,19.99,39.98,USD,US
ORD_000871,CUST_0179,2025-01-29,Photo collage,5,9.99,49.95,USD,US
ORD_000872,CUST_0125,2026-01-19,Abstract canvas,4,14.99,59.96,USD,US
ORD_000873,CUST_0023,2025-09-29,Cityscape print,2,19.99,39.98,USD,US
ORD_000874,CUST_0063,2026-01-23,Photo collage,3,14.99,44.97,USD,US
ORD_000875,CUST_0143,2025-12-11,Vintage poster,3,14.99,44.97,USD,US
ORD_000876,CUST_0153,2025-05-25,Vintage poster,5,14.99,74.95,USD,UK
ORD_000877,CUST_0145,2025-11-06,Nature landscape,5,9.99,49.95,USD,US
ORD_000878,CUST_0225,2025-06-22,Line art print,1,24.99,24.99,USD,US
ORD_000879,CUST_0104,2025-04-18,Nature landscape,1,19.99,19.99,USD,UK
ORD_000880,CUST_0104,2025-09-12,Cityscape print,1,24.99,24.99,USD,US
ORD_000881,CUST_0039,2025-11-08,Typography print,5,9.99,49.95,USD,US
ORD_000882,CUST_0198,2025-07-04,Nature landscape,5,14.99,74.95,USD,US
ORD_000883,CUST_0134,2025-10-23,Nature landscape,5,24.99,124.94999999999999,USD,US
ORD_000884,CUST_0067,2025-03-03,Vintage poster,3,19.99,59.97,USD,DE
ORD_000885,CUST_0179,2025-09-07,Typography print,5,19.99,99.94999999999999,USD,US
ORD_000886,CUST_0042,2025-06-15,Vintage poster,3,14.99,44.97,USD,CA
ORD_000887,CUST_0015,2025-11-12,Photo collage,1,39.99,39.99,USD,US
ORD_000888,CUST_0111,2025-06-24,Typography print,1,14.99,14.99,USD,US
ORD_000889,CUST_0157,2025-05-18,Line art print,1,19.99,19.99,USD,US
ORD_000890,CUST_0289,2025-09-18,Nature landscape,2,24.99,49.98,USD,US
ORD_000891,CUST_0231,2025-03-31,Vintage poster,2,19.99,39.98,USD,US
ORD_000892,CUST_0157,2026-01-20,Typography print,4,14.99,59.96,USD,US
ORD_000893,CUST_0038,2025-12-31,Cityscape print,4,19.99,79.96,USD,US
ORD_000894,CUST_0097,2025-10-09,Cityscape print,4,29.99,119.96,USD,CA
ORD_000895,CUST_0289,2025-09-30,Nature landscape,2,14.99,29.98,USD,US
ORD_000896,CUST_0254,2025-12-21,Line art print,2,9.99,19.98,USD,AU
ORD_000897,CUST_0196,2025-12-13,Abstract canvas,4,14.99,59.96,USD,CA
ORD_000898,CUST_0086,2025-07-23,Vintage poster,4,29.99,119.96,USD,US
ORD_000899,CUST_0010,2025-08-02,Line art print,5,9.99,49.95,USD,US
ORD_000900,CUST_0005,2025-06-27,Minimalist poster,4,49.99,199.96,USD,US
ORD_000901,CUST_0123,2025-08-08,Minimalist poster,5,19.99,99.94999999999999,USD,UK
ORD_000902,CUST_0118,2025-12-01,Minimalist poster,3,49.99,149.97,USD,US
ORD_000903,CUST_0294,2025-10-13,Nature landscape,2,39.99,79.98,USD,AU
ORD_000904,CUST_0159,2025-06-16,Cityscape print,4,19.99,79.96,USD,US
ORD_000905,CUST_0228,2026-01-01,Photo collage,2,9.99,19.98,USD,AU
ORD_000906,CUST_0216,2025-12-06,Vintage poster,2,9.99,19.98,USD,US
ORD_000907,CUST_0184,2025-05-05,Cityscape print,2,14.99,29.98,USD,AU
ORD_000908,CUST_0015,2025-09-25,Photo collage,3,24.99,74.97,USD,US
ORD_000909,CUST_0157,2025-02-05,Photo collage,1,14.99,14.99,USD,US
ORD_000910,CUST_0136,2025-09-20,Cityscape print,4,14.99,59.96,USD,US
ORD_000911,CUST_0261,2025-03-14,Vintage poster,1,19.99,19.99,USD,US
ORD_000912,CUST_0157,2025-03-07,Nature landscape,1,39.99,39.99,USD,DE
ORD_000913,CUST_0047,2025-07-09,Line art print,1,9.99,9.99,USD,US
ORD_000914,CUST_0173,2025-04-16,Photo collage,2,9.99,19.98,USD,US
ORD_000915,CUST_0130,2025-11-11,Abstract canvas,5,9.99,49.95,USD,US
ORD_000916,CUST_0095,2025-07-01,Cityscape print,2,39.99,79.98,USD,US
ORD_000917,CUST_0115,2025-08-28,Cityscape print,2,24.99,49.98,USD,US
ORD_000918,CUST_0243,2025-07-01,Minimalist poster,1,14.99,14.99,USD,CA
ORD_000919,CUST_0292,2025-06-07,Line art print,2,9.99,19.98,USD,US
ORD_000920,CUST_0282,2025-04-01,Minimalist poster,1,14.99,14.99,USD,DE
ORD_000921,CUST_0299,2025-12-26,Cityscape print,5,9.99,49.95,USD,US
ORD_000922,CUST_0283,2025-01-31,Cityscape print,4,39.99,159.96,USD,US
ORD_000923,CUST_0069,2025-02-07,Photo collage,1,29.99,29.99,USD,UK
ORD_000924,CUST_0148,2025-04-07,Line art print,5,19.99,99.94999999999999,USD,CA
ORD_000925,CUST_0011,2025-07-06,Typography print,4,39.99,159.96,USD,US
ORD_000926,CUST_0254,2025-03-31,Abstract canvas,3,14.99,44.97,USD,CA
ORD_000927,CUST_0038,2026-01-06,Vintage poster,1,24.99,24.99,USD,US
ORD_000928,CUST_0134,2025-06-03,Photo collage,1,39.99,39.99,USD,US
ORD_000929,CUST_0200,2025-08-18,Cityscape print,3,14.99,44.97,USD,AU
ORD_000930,CUST_0023,2025-10-27,Vintage poster,3,29.99,89.97,USD,US
ORD_000931,CUST_0218,2025-10-07,Photo collage,1,14.99,14.99,USD,US
ORD_000932,CUST_0141,2025-10-17,Abstract canvas,3,14.99,44.97,USD,AU
ORD_000933,CUST_0104,2025-02-18,Cityscape print,2,9.99,19.98,USD,DE
ORD_000934,CUST_0210,2025-11-01,Abstract canvas,4,19.99,79.96,USD,US
ORD_000935,CUST_0111,2025-10-04,Vintage poster,4,24.99,99.96,USD,US
ORD_000936,CUST_0104,2025-11-30,Typography print,4,39.99,159.96,USD,US
ORD_000937,CUST_0171,2025-11-09,Photo collage,2,24.99,49.98,USD,DE
ORD_000938,CUST_0133,2025-07-07,Nature landscape,3,39.99,119.97,USD,AU
ORD_000939,CUST_0293,2025-04-29,Photo collage,5,29.99,149.95,USD,US
ORD_000940,CUST_0127,2025-10-21,Minimalist poster,3,9.99,29.97,USD,US
ORD_000941,CUST_0106,2025-12-11,Line art print,1,19.99,19.99,USD,US
ORD_000942,CUST_0092,2025-05-14,Line art print,4,9.99,39.96,USD,UK
ORD_000943,CUST_0287,2025-12-26,Minimalist poster,3,24.99,74.97,USD,CA
ORD_000944,CUST_0051,2025-11-30,Cityscape print,5,39.99,199.95000000000002,USD,CA
ORD_000945,CUST_0029,2025-09-19,Line art print,1,9.99,9.99,USD,DE
ORD_000946,CUST_0296,2025-02-18,Abstract canvas,2,24.99,49.98,USD,US
ORD_000947,CUST_0297,2025-06-14,Vintage poster,2,24.99,49.98,USD,US
ORD_000948,CUST_0214,2025-05-21,Vintage poster,5,19.99,99.94999999999999,USD,US
ORD_000949,CUST_0267,2025-02-18,Line art print,1,14.99,14.99,USD,US
ORD_000950,CUST_0257,2025-04-13,Line art print,4,14.99,59.96,USD,US
ORD_000951,CUST_0101,2025-04-02,Minimalist poster,3,9.99,29.97,USD,US
ORD_000952,CUST_0110,2025-07-16,Cityscape print,1,14.99,14.99,USD,CA
ORD_000953,CUST_0182,2025-02-05,Typography print,2,9.99,19.98,USD,AU
ORD_000954,CUST_0001,2025-11-08,Line art print,5,19.99,99.94999999999999,USD,US
ORD_000955,CUST_0055,2025-06-01,Nature landscape,5,9.99,49.95,USD,US
ORD_000956,CUST_0149,2025-04-30,Line art print,3,39.99,119.97,USD,US
ORD_000957,CUST_0137,2025-04-26,Typography print,5,19.99,99.94999999999999,USD,UK
ORD_000958,CUST_0202,2025-06-14,Minimalist poster,5,24.99,124.94999999999999,USD,UK
ORD_000959,CUST_0117,2025-02-24,Typography print,1,19.99,19.99,USD,US
ORD_000960,CUST_0154,2025-12-24,Minimalist poster,4,19.99,79.96,USD,US
ORD_000961,CUST_0291,2025-02-13,Abstract canvas,3,39.99,119.97,USD,US
ORD_000962,CUST_0063,2025-06-19,Minimalist poster,1,9.99,9.99,USD,US
ORD_000963,CUST_0244,2025-12-06,Abstract canvas,4,14.99,59.96,USD,US
ORD_000964,CUST_0025,2025-07-03,Abstract canvas,1,29.99,29.99,USD,AU
ORD_000965,CUST_0090,2026-01-08,Minimalist poster,1,9.99,9.99,USD,AU
ORD_000966,CUST_0075,2025-03-08,Nature landscape,5,9.99,49.95,USD,US
ORD_000967,CUST_0294,2025-10-05,Photo collage,4,14.99,59.96,USD,UK
ORD_000968,CUST_0210,2025-06-03,Minimalist poster,3,9.99,29.97,USD,DE
ORD_000969,CUST_0017,2025-03-25,Line art print,3,19.99,59.97,USD,US
ORD_000970,CUST_0128,2025-06-24,Nature landscape,4,14.99,59.96,USD,US
ORD_000971,CUST_0251,2025-11-07,Nature landscape,5,39.99,199.95000000000002,USD,DE
ORD_000972,CUST_0179,2025-01-29,Line art print,2,29.99,59.98,USD,US
ORD_000973,CUST_0182,2025-10-17,Photo collage,1,24.99,24.99,USD,DE
ORD_000974,CUST_0152,2026-01-04,Nature landscape,5,24.99,124.94999999999999,USD,DE
ORD_000975,CUST_0025,2025-06-03,Abstract canvas,4,39.99,159.96,USD,CA
ORD_000976,CUST_0180,2025-10-18,Vintage poster,1,14.99,14.99,USD,AU
ORD_000977,CUST_0198,2025-07-21,Photo collage,3,39.99,119.97,USD,UK
ORD_000978,CUST_0161,2025-10-04,Cityscape print,2,29.99,59.98,USD,CA
ORD_000979,CUST_0177,2025-03-21,Line art print,3,24.99,74.97,USD,US
ORD_000980,CUST_0285,2025-04-17,Photo collage,4,19.99,79.96,USD,US
ORD_000981,CUST_0063,2025-05-03,Minimalist poster,1,14.99,14.99,USD,US
ORD_000982,CUST_0150,2025-06-22,Vintage poster,4,19.99,79.96,USD,CA
ORD_000983,CUST_0154,2025-12-19,Photo collage,1,29.99,29.99,USD,US
ORD_000984,CUST_0156,2025-06-29,Abstract canvas,5,9.99,49.95,USD,US
ORD_000985,CUST_0049,2025-08-02,Vintage poster,2,29.99,59.98,USD,US
ORD_000986,CUST_0084,2025-10-14,Minimalist poster,5,14.99,74.95,USD,UK
ORD_000987,CUST_0177,2025-04-14,Typography print,5,9.99,49.95,USD,DE
ORD_000988,CUST_0148,2025-10-03,Line art print,4,9.99,39.96,USD,DE
ORD_000989,CUST_0118,2025-05-01,Vintage poster,2,9.99,19.98,USD,US
ORD_000990,CUST_0063,2025-10-11,Line art print,1,19.99,19.99,USD,AU
ORD_000991,CUST_0189,2025-10-11,Photo collage,1,14.99,14.99,USD,UK
ORD_000992,CUST_0049,2025-05-07,Nature landscape,3,49.99,149.97,USD,US
ORD_000993,CUST_0257,2025-03-05,Minimalist poster,1,19.99,19.99,USD,US
ORD_000994,CUST_0224,2025-10-24,Typography print,4,9.99,39.96,USD,US
ORD_000995,CUST_0141,2025-05-05,Minimalist poster,5,24.99,124.94999999999999,USD,DE
ORD_000996,CUST_0215,2026-01-18,Line art print,5,39.99,199.95000000000002,USD,US
ORD_000997,CUST_0211,2025-11-28,Minimalist poster,5,24.99,124.94999999999999,USD,US
ORD_000998,CUST_0032,2025-09-02,Typography print,2,9.99,19.98,USD,CA
ORD_000999,CUST_0158,2025-11-28,Nature landscape,1,39.99,39.99,USD,US
ORD_001000,CUST_0285,2025-05-28,Photo collage,4,29.99,119.96,USD,US
ORD_001001,CUST_0286,2025-09-12,Abstract canvas,2,9.99,19.98,USD,CA
ORD_001002,CUST_0144,2025-07-21,Minimalist poster,3,9.99,29.97,USD,US
ORD_001003,CUST_0019,2025-03-28,Vintage poster,4,19.99,79.96,USD,UK
ORD_001004,CUST_0018,2025-05-20,Abstract canvas,4,9.99,39.96,USD,US
ORD_001005,CUST_0257,2025-08-03,Line art print,4,29.99,119.96,USD,CA
ORD_001006,CUST_0078,2025-03-27,Photo collage,5,14.99,74.95,USD,CA
ORD_001007,CUST_0175,2025-10-07,Cityscape print,4,39.99,159.96,USD,US
ORD_001008,CUST_0194,2025-01-31,Photo collage,1,19.99,19.99,USD,US
ORD_001009,CUST_0113,2025-06-28,Minimalist poster,4,9.99,39.96,USD,CA
ORD_001010,CUST_0114,2025-04-26,Vintage poster,5,9.99,49.95,USD,UK
ORD_001011,CUST_0222,2025-02-07,Nature landscape,4,19.99,79.96,USD,UK
ORD_001012,CUST_0166,2025-09-10,Photo collage,3,29.99,89.97,USD,AU
ORD_001013,CUST_0132,2025-04-20,Minimalist poster,3,29.99,89.97,USD,US
ORD_001014,CUST_0264,2025-06-06,Minimalist poster,5,14.99,74.95,USD,US
ORD_001015,CUST_0055,2025-07-26,Abstract canvas,1,14.99,14.99,USD,DE
ORD_001016,CUST_0131,2025-03-27,Photo collage,1,9.99,9.99,USD,US
ORD_001017,CUST_0288,2025-08-31,Minimalist poster,2,24.99,49.98,USD,US
ORD_001018,CUST_0266,2025-09-27,Abstract canvas,5,9.99,49.95,USD,US
ORD_001019,CUST_0162,2025-09-11,Vintage poster,4,19.99,79.96,USD,US
ORD_001020,CUST_0087,2025-04-13,Typography print,5,24.99,124.94999999999999,USD,US
ORD_001021,CUST_0055,2025-06-22,Vintage poster,2,39.99,79.98,USD,DE
ORD_001022,CUST_0288,2025-06-11,Cityscape print,5,14.99,74.95,USD,US
ORD_001023,CUST_0178,2025-12-04,Abstract canvas,5,14.99,74.95,USD,US
ORD_001024,CUST_0008,2025-03-30,Abstract canvas,2,24.99,49.98,USD,DE
ORD_001025,CUST_0247,2025-02-06,Minimalist poster,1,24.99,24.99,USD,DE
ORD_001026,CUST_0255,2025-08-25,Line art print,4,14.99,59.96,USD,US
ORD_001027,CUST_0054,2025-09-23,Line art print,2,39.99,79.98,USD,US
ORD_001028,CUST_0249,2025-08-25,Nature landscape,3,29.99,89.97,USD,AU
ORD_001029,CUST_0239,2025-07-24,Line art print,1,14.99,14.99,USD,UK
ORD_001030,CUST_0229,2025-12-28,Abstract canvas,3,14.99,44.97,USD,CA
ORD_001031,CUST_0067,2025-07-16,Nature landscape,1,19.99,19.99,USD,AU
ORD_001032,CUST_0051,2025-07-03,Vintage poster,4,29.99,119.96,USD,CA
ORD_001033,CUST_0097,2025-07-07,Minimalist poster,4,9.99,39.96,USD,US
ORD_001034,CUST_0092,2025-07-31,Vintage poster,5,24.99,124.94999999999999,USD,CA
ORD_001035,CUST_0264,2025-08-03,Photo collage,3,24.99,74.97,USD,US
ORD_001036,CUST_0291,2025-11-28,Cityscape print,1,14.99,14.99,USD,UK
ORD_001037,CUST_0096,2025-10-07,Cityscape print,4,24.99,99.96,USD,CA
ORD_001038,CUST_0088,2025-07-26,Abstract canvas,2,39.99,79.98,USD,US
ORD_001039,CUST_0078,2025-05-21,Abstract canvas,4,9.99,39.96,USD,US
ORD_001040,CUST_0288,2025-11-02,Nature landscape,2,14.99,29.98,USD,US
ORD_001041,CUST_0120,2025-08-08,Minimalist poster,1,19.99,19.99,USD,US
ORD_001042,CUST_0165,2025-02-27,Typography print,4,39.99,159.96,USD,CA
ORD_001043,CUST_0182,2025-03-17,Abstract canvas,4,49.99,199.96,USD,US
ORD_001044,CUST_0223,2025-05-16,Typography print,1,19.99,19.99,USD,UK
ORD_001045,CUST_0007,2025-10-03,Vintage poster,4,29.99,119.96,USD,US
ORD_001046,CUST_0263,2025-04-16,Typography print,2,19.99,39.98,USD,CA
ORD_001047,CUST_0161,2025-09-13,Line art print,4,19.99,79.96,USD,AU
ORD_001048,CUST_0151,2025-09-08,Minimalist poster,3,14.99,44.97,USD,CA
ORD_001049,CUST_0085,2025-09-14,Cityscape print,5,14.99,74.95,USD,US
ORD_001050,CUST_0147,2025-09-02,Cityscape print,2,14.99,29.98,USD,DE
ORD_001051,CUST_0112,2025-03-07,Typography print,3,19.99,59.97,USD,US
ORD_001052,CUST_0036,2025-02-14,Cityscape print,1,9.99,9.99,USD,US
ORD_001053,CUST_0285,2025-03-07,Vintage poster,2,39.99,79.98,USD,US
ORD_001054,CUST_0188,2025-05-17,Minimalist poster,5,9.99,49.95,USD,US
ORD_001055,CUST_0082,2025-05-09,Line art print,5,14.99,74.95,USD,DE
ORD_001056,CUST_0002,2025-08-04,Minimalist poster,1,19.99,19.99,USD,US
ORD_001057,CUST_0197,2025-02-10,Abstract canvas,1,24.99,24.99,USD,UK
ORD_001058,CUST_0011,2025-05-24,Typography print,2,9.99,19.98,USD,UK
ORD_001059,CUST_0234,2025-06-02,Minimalist poster,4,14.99,59.96,USD,US
ORD_001060,CUST_0195,2025-06-03,Vintage poster,1,49.99,49.99,USD,CA
ORD_001061,CUST_0119,2025-03-25,Cityscape print,4,14.99,59.96,USD,US
ORD_001062,CUST_0020,2025-03-13,Photo collage,3,14.99,44.97,USD,US
ORD_001063,CUST_0261,2025-02-22,Minimalist poster,5,29.99,149.95,USD,US
ORD_001064,CUST_0293,2025-05-01,Typography print,4,9.99,39.96,USD,DE
ORD_001065,CUST_0256,2025-02-03,Line art print,5,19.99,99.94999999999999,USD,DE
ORD_001066,CUST_0222,2025-09-23,Cityscape print,4,14.99,59.96,USD,US
ORD_001067,CUST_0226,2025-12-04,Line art print,3,14.99,44.97,USD,US
ORD_001068,CUST_0053,2025-09-13,Typography print,1,14.99,14.99,USD,UK
ORD_001069,CUST_0280,2025-10-28,Cityscape print,3,9.99,29.97,USD,US
ORD_001070,CUST_0081,2025-11-04,Abstract canvas,1,14.99,14.99,USD,AU
ORD_001071,CUST_0202,2025-08-15,Cityscape print,1,9.99,9.99,USD,US
ORD_001072,CUST_0158,2025-09-28,Abstract canvas,5,29.99,149.95,USD,US
ORD_001073,CUST_0120,2025-11-10,Line art print,3,14.99,44.97,USD,AU
ORD_001074,CUST_0059,2025-10-15,Line art print,4,19.99,79.96,USD,US
ORD_001075,CUST_0215,2025-08-26,Typography print,3,39.99,119.97,USD,DE
ORD_001076,CUST_0128,2025-08-12,Abstract canvas,5,24.99,124.94999999999999,USD,DE
ORD_001077,CUST_0224,2025-04-13,Line art print,1,9.99,9.99,USD,US
ORD_001078,CUST_0209,2026-01-02,Abstract canvas,5,39.99,199.95000000000002,USD,US
ORD_001079,CUST_0115,2026-01-03,Line art print,2,14.99,29.98,USD,DE
ORD_001080,CUST_0209,2025-07-16,Cityscape print,2,9.99,19.98,USD,DE
ORD_001081,CUST_0014,2025-04-03,Minimalist poster,4,29.99,119.96,USD,US
ORD_001082,CUST_0009,2025-04-21,Vintage poster,5,19.99,99.94999999999999,USD,AU
ORD_001083,CUST_0040,2025-05-05,Photo collage,4,19.99,79.96,USD,US
ORD_001084,CUST_0237,2025-02-01,Vintage poster,4,14.99,59.96,USD,US
ORD_001085,CUST_0281,2025-12-23,Cityscape print,2,19.99,39.98,USD,AU
ORD_001086,CUST_0201,2025-08-12,Nature landscape,4,14.99,59.96,USD,US
ORD_001087,CUST_0246,2025-04-21,Vintage poster,2,39.99,79.98,USD,DE
ORD_001088,CUST_0278,2025-03-08,Minimalist poster,1,14.99,14.99,USD,US
ORD_001089,CUST_0235,2025-05-13,Nature landscape,5,39.99,199.95000000000002,USD,CA
ORD_001090,CUST_0004,2025-06-25,Line art print,4,19.99,79.96,USD,US
ORD_001091,CUST_0154,2025-02-10,Photo collage,2,29.99,59.98,USD,US
ORD_001092,CUST_0029,2025-06-06,Photo collage,3,24.99,74.97,USD,CA
ORD_001093,CUST_0109,2025-06-21,Line art print,4,24.99,99.96,USD,US
ORD_001094,CUST_0098,2025-10-28,Line art print,1,14.99,14.99,USD,US
ORD_001095,CUST_0215,2025-09-13,Abstract canvas,1,14.99,14.99,USD,US
ORD_001096,CUST_0293,2025-12-04,Line art print,3,14.99,44.97,USD,US
ORD_001097,CUST_0075,2026-01-25,Typography print,2,39.99,79.98,USD,AU
ORD_001098,CUST_0146,2025-09-09,Vintage poster,4,29.99,119.96,USD,US
ORD_001099,CUST_0128,2025-06-12,Line art print,2,19.99,39.98,USD,US
ORD_001100,CUST_0042,2025-08-23,Typography print,1,9.99,9.99,USD,US
ORD_001101,CUST_0041,2025-02-21,Line art print,2,14.99,29.98,USD,US
ORD_001102,CUST_0034,2025-03-16,Abstract canvas,1,24.99,24.99,USD,US
ORD_001103,CUST_0017,2025-10-12,Typography print,2,19.99,39.98,USD,US
ORD_001104,CUST_0165,2025-10-12,Vintage poster,3,29.99,89.97,USD,US
ORD_001105,CUST_0153,2026-01-09,Minimalist poster,5,49.99,249.95000000000002,USD,UK
ORD_001106,CUST_0076,2026-01-11,Typography print,3,9.99,29.97,USD,AU
ORD_001107,CUST_0087,2025-02-01,Cityscape print,3,19.99,59.97,USD,US
ORD_001108,CUST_0117,2025-12-10,Abstract canvas,5,19.99,99.94999999999999,USD,US
ORD_001109,CUST_0027,2025-06-11,Nature landscape,5,14.99,74.95,USD,US
ORD_001110,CUST_0287,2025-03-03,Vintage poster,4,9.99,39.96,USD,US
ORD_001111,CUST_0134,2025-05-15,Typography print,4,9.99,39.96,USD,US
ORD_001112,CUST_0219,2025-09-01,Cityscape print,3,39.99,119.97,USD,US
ORD_001113,CUST_0168,2025-12-27,Cityscape print,3,19.99,59.97,USD,US
ORD_001114,CUST_0098,2025-09-04,Vintage poster,1,19.99,19.99,USD,US
ORD_001115,CUST_0268,2025-06-09,Vintage poster,1,39.99,39.99,USD,US
ORD_001116,CUST_0237,2025-10-07,Cityscape print,4,29.99,119.96,USD,US
ORD_001117,CUST_0173,2026-01-19,Line art print,4,9.99,39.96,USD,US
ORD_001118,CUST_0190,2025-12-19,Cityscape print,1,19.99,19.99,USD,US
ORD_001119,CUST_0122,2025-03-14,Line art print,1,19.99,19.99,USD,US
ORD_001120,CUST_0046,2025-11-12,Nature landscape,2,29.99,59.98,USD,US
ORD_001121,CUST_0064,2025-12-14,Abstract canvas,2,24.99,49.98,USD,US
ORD_001122,CUST_0130,2025-04-12,Photo collage,1,24.99,24.99,USD,US
ORD_001123,CUST_0193,2025-05-09,Line art print,2,14.99,29.98,USD,US
ORD_001124,CUST_0181,2025-07-12,Cityscape print,5,29.99,149.95,USD,US
ORD_001125,CUST_0292,2025-08-29,Cityscape print,4,9.99,39.96,USD,US
ORD_001126,CUST_0282,2025-05-23,Minimalist poster,4,9.99,39.96,USD,US
ORD_001127,CUST_0029,2025-08-02,Cityscape print,1,14.99,14.99,USD,CA
ORD_001128,CUST_0149,2025-10-06,Abstract canvas,3,9.99,29.97,USD,US
ORD_001129,CUST_0267,2025-10-17,Typography print,1,14.99,14.99,USD,US
ORD_001130,CUST_0296,2025-06-22,Typography print,2,29.99,59.98,USD,AU
ORD_001131,CUST_0011,2025-07-07,Cityscape print,3,39.99,119.97,USD,US
ORD_001132,CUST_0164,2025-06-13,Minimalist poster,2,14.99,29.98,USD,US
ORD_001133,CUST_0113,2026-01-06,Line art print,5,14.99,74.95,USD,AU
ORD_001134,CUST_0187,2025-10-09,Abstract canvas,2,14.99,29.98,USD,AU
ORD_001135,CUST_0295,2025-10-20,Minimalist poster,5,14.99,74.95,USD,US
ORD_001136,CUST_0232,2025-07-24,Line art print,5,9.99,49.95,USD,US
ORD_001137,CUST_0227,2025-07-03,Abstract canvas,2,39.99,79.98,USD,US
ORD_001138,CUST_0098,2026-01-10,Cityscape print,2,14.99,29.98,USD,US
ORD_001139,CUST_0055,2025-11-08,Typography print,5,19.99,99.94999999999999,USD,US
ORD_001140,CUST_0111,2025-11-08,Abstract canvas,3,9.99,29.97,USD,US
ORD_001141,CUST_0152,2025-09-07,Cityscape print,5,39.99,199.95000000000002,USD,US
ORD_001142,CUST_0246,2025-02-04,Nature landscape,4,24.99,99.96,USD,DE
ORD_001143,CUST_0069,2025-02-03,Photo collage,5,39.99,199.95000000000002,USD,DE
ORD_001144,CUST_0289,2025-10-22,Abstract canvas,3,29.99,89.97,USD,US
ORD_001145,CUST_0250,2025-10-24,Photo collage,4,14.99,59.96,USD,CA
ORD_001146,CUST_0036,2025-07-26,Abstract canvas,1,14.99,14.99,USD,US
ORD_001147,CUST_0239,2025-06-26,Photo collage,1,24.99,24.99,USD,AU
ORD_001148,CUST_0148,2025-12-05,Nature landscape,3,14.99,44.97,USD,US
ORD_001149,CUST_0227,2025-12-24,Typography print,5,19.99,99.94999999999999,USD,US
ORD_001150,CUST_0244,2025-05-28,Vintage poster,2,9.99,19.98,USD,US
ORD_001151,CUST_0201,2025-05-18,Line art print,3,9.99,29.97,USD,US
ORD_001152,CUST_0154,2025-10-29,Photo collage,4,19.99,79.96,USD,US
ORD_001153,CUST_0073,2025-08-25,Nature landscape,4,19.99,79.96,USD,UK
ORD_001154,CUST_0201,2025-07-15,Photo collage,1,29.99,29.99,USD,CA
ORD_001155,CUST_0296,2025-11-08,Typography print,4,9.99,39.96,USD,US
ORD_001156,CUST_0017,2025-07-17,Photo collage,3,19.99,59.97,USD,US
ORD_001157,CUST_0129,2025-05-17,Nature landscape,4,9.99,39.96,USD,US
ORD_001158,CUST_0217,2025-05-26,Cityscape print,3,9.99,29.97,USD,AU
ORD_001159,CUST_0061,2025-02-25,Nature landscape,2,19.99,39.98,USD,DE
ORD_001160,CUST_0104,2025-09-03,Vintage poster,1,9.99,9.99,USD,DE
ORD_001161,CUST_0042,2025-05-23,Vintage poster,4,14.99,59.96,USD,AU
ORD_001162,CUST_0025,2025-03-04,Vintage poster,3,14.99,44.97,USD,US
ORD_001163,CUST_0039,2025-10-19,Minimalist poster,5,14.99,74.95,USD,US
ORD_001164,CUST_0291,2025-09-14,Typography print,1,9.99,9.99,USD,US
ORD_001165,CUST_0131,2025-02-11,Cityscape print,2,9.99,19.98,USD,DE
ORD_001166,CUST_0229,2025-06-22,Minimalist poster,3,9.99,29.97,USD,US
ORD_001167,CUST_0108,2025-06-22,Typography print,2,9.99,19.98,USD,US
ORD_001168,CUST_0172,2025-05-30,Cityscape print,2,24.99,49.98,USD,AU
ORD_001169,CUST_0102,2025-11-22,Photo collage,4,14.99,59.96,USD,US
ORD_001170,CUST_0012,2026-01-19,Cityscape print,4,14.99,59.96,USD,US
ORD_001171,CUST_0275,2025-09-19,Nature landscape,3,14.99,44.97,USD,CA
ORD_001172,CUST_0101,2025-06-08,Minimalist poster,5,24.99,124.94999999999999,USD,US
ORD_001173,CUST_0044,2025-06-24,Photo collage,3,39.99,119.97,USD,US
ORD_001174,CUST_0017,2025-09-17,Nature landscape,5,29.99,149.95,USD,UK
ORD_001175,CUST_0057,2025-09-05,Typography print,2,24.99,49.98,USD,CA
ORD_001176,CUST_0012,2025-08-15,Cityscape print,1,19.99,19.99,USD,DE
ORD_001177,CUST_0080,2025-10-07,Nature landscape,3,24.99,74.97,USD,US
ORD_001178,CUST_0216,2025-04-20,Photo collage,3,19.99,59.97,USD,US
ORD_001179,CUST_0264,2025-06-23,Minimalist poster,5,14.99,74.95,USD,UK
ORD_001180,CUST_0149,2025-09-16,Minimalist poster,2,14.99,29.98,USD,US
ORD_001181,CUST_0081,2026-01-04,Vintage poster,2,14.99,29.98,USD,US
ORD_001182,CUST_0215,2025-02-15,Cityscape print,5,39.99,199.95000000000002,USD,UK
ORD_001183,CUST_0198,2026-01-07,Nature landscape,2,19.99,39.98,USD,US
ORD_001184,CUST_0200,2025-11-05,Vintage poster,4,24.99,99.96,USD,US
ORD_001185,CUST_0025,2025-10-20,Photo collage,1,14.99,14.99,USD,US
ORD_001186,CUST_0089,2025-10-09,Vintage poster,3,19.99,59.97,USD,US
ORD_001187,CUST_0268,2025-02-22,Abstract canvas,1,9.99,9.99,USD,US
ORD_001188,CUST_0143,2025-08-25,Typography print,3,9.99,29.97,USD,US
ORD_001189,CUST_0059,2025-11-03,Vintage poster,4,29.99,119.96,USD,UK
ORD_001190,CUST_0026,2025-03-15,Typography print,2,19.99,39.98,USD,DE
ORD_001191,CUST_0047,2025-04-29,Photo collage,5,14.99,74.95,USD,US
ORD_001192,CUST_0288,2025-04-22,Abstract canvas,4,29.99,119.96,USD,US
ORD_001193,CUST_0266,2025-03-09,Minimalist poster,1,14.99,14.99,USD,US
ORD_001194,CUST_0016,2025-10-29,Cityscape print,5,49.99,249.95000000000002,USD,US
ORD_001195,CUST_0199,2025-07-14,Line art print,2,14.99,29.98,USD,CA
ORD_001196,CUST_0282,2025-08-01,Line art print,4,14.99,59.96,USD,UK
ORD_001197,CUST_0086,2026-01-12,Cityscape print,5,14.99,74.95,USD,UK
ORD_001198,CUST_0250,2025-07-27,Photo collage,4,9.99,39.96,USD,US
ORD_001199,CUST_0270,2025-01-27,Abstract canvas,4,9.99,39.96,USD,US
ORD_001200,CUST_0117,2025-08-03,Abstract canvas,2,24.99,49.98,USD,US
